reaction,monomer1,monomer2,monomer1flip,monomer2flip,ratio1,ratio2,Cbackbone1,Csidegroup1,Cbackbone2,Csidegroup2
AC_1,C(=O)CC(=O),Oc1ccc(cc1)C(C)(C)c2ccc(cc2)O,C(=O)CC(=O),Oc1ccc(cc1)C(C)(C)c2ccc(cc2)O,1,1,3,0,0,0
AC_100,C(=O)c(cc1)ccc1C(=O),OC(C)CCC(C)O,C(=O)c(cc1)ccc1C(=O),OC(C)CCC(C)O,1,1,0,0,4,2
AC_101,C(=O)c(cc1)ccc1C(=O),OCCCCCCCCO,C(=O)c(cc1)ccc1C(=O),OCCCCCCCCO,1,1,0,0,8,0
AC_102,C(=O)c(cc1)ccc1C(=O),OCCCCCCCCCO,C(=O)c(cc1)ccc1C(=O),OCCCCCCCCCO,1,1,0,0,9,0
AC_103,C(=O)c(cc1)ccc1C(=O),OCCCCCCCCCCO,C(=O)c(cc1)ccc1C(=O),OCCCCCCCCCCO,1,1,0,0,10,0
AC_105,C(=O)c(cc1)ccc1C(=O),OCC(C)(C)C(C(C)C)O,C(=O)c(cc1)ccc1C(=O),OC(C(C)C)C(C)(C)CO,1,1,0,0,3,5
AC_106,C(=O)c(cc1)ccc1C(=O),OCC(C)(C)CO,C(=O)c(cc1)ccc1C(=O),OCC(C)(C)CO,1,1,0,0,3,2
AC_107,C(=O)c(cc1)ccc1C(=O),OCC(CC(C1)C2C3)C1C2CC3CO,C(=O)c(cc1)ccc1C(=O),OCC(CC(C1)C2C3)C1C2CC3CO,1,1,0,0,0,0
AC_109,C(=O)c(cc1)ccc1C(=O),OC(C)C(C)O,C(=O)c(cc1)ccc1C(=O),OC(C)C(C)O,1,1,0,0,2,2
AC_110,C(=O)c(cc1)ccc1C(=O),OC(CC1)CCC1O,C(=O)c(cc1)ccc1C(=O),OC(CC1)CCC1O,1,1,0,0,0,0
AC_111,C(=O)c(cc1)ccc1C(=O),OCCOCCO,C(=O)c(cc1)ccc1C(=O),OCCOCCO,1,1,0,0,5,0
AC_112,C(=O)c(cc1)ccc1C(=O),OCCOCCOCCO,C(=O)c(cc1)ccc1C(=O),OCCOCCOCCO,1,1,0,0,8,0
AC_113,C(=O)c(cc1)ccc1C(=O),Oc1c(C)cc(cc1)S(=O)(=O)c2ccc(c(C)c2)O,C(=O)c(cc1)ccc1C(=O),Oc1c(C)cc(cc1)S(=O)(=O)c2ccc(c(C)c2)O,1,1,0,0,0,0
AC_114,C(=O)c(cc1)ccc1C(=O),OCCSSCCO,C(=O)c(cc1)ccc1C(=O),OCCSSCCO,1,1,0,0,6,0
AC_116,C(=O)c(cc1)ccc1C(=O),Oc1ccc(cc1)C(C)(C)c2ccc(cc2)C(C)(C)c3ccc(cc3)O,C(=O)c(cc1)ccc1C(=O),Oc1ccc(cc1)C(C)(C)c2ccc(cc2)C(C)(C)c3ccc(cc3)O,1,1,0,0,0,0
AC_117,C(=O)c(cc1)ccc1C(=O),Oc1ccc(cc1)C(C)(c2ccccc2)c3ccc(cc3)O,C(=O)c(cc1)ccc1C(=O),Oc1ccc(cc1)C(C)(c2ccccc2)c3ccc(cc3)O,1,1,0,0,0,0
AC_118,C(=O)c(cc1)ccc1C(=O),Oc1c(C)cc(cc1(C))C(C)(C)c2cc(C)c(c(C)c2)O,C(=O)c(cc1)ccc1C(=O),Oc1c(C)cc(cc1(C))C(C)(C)c2cc(C)c(c(C)c2)O,1,1,0,0,0,0
AC_119,C(=O)c(cc1)ccc1C(=O),Oc1ccc(cc1)C3(c2ccc(O)cc2)c4ccccc4-c5ccccc35,C(=O)c(cc1)ccc1C(=O),Oc1ccc(cc1)C3(c2ccc(O)cc2)c4ccccc4-c5ccccc35,1,1,0,0,0,0
AC_120,C(=O)c(cc1)ccc1C(=O), Oc1ccc(cc1)C2(CCCCC2)c3ccc(O)cc3,C(=O)c(cc1)ccc1C(=O), Oc1ccc(cc1)C2(CCCCC2)c3ccc(O)cc3,1,1,0,0,0,0
AC_121,C(=O)c(cc1)ccc1C(=O),Oc1ccc(cccc2)c2c1c3c(cccc4)c4ccc3O,C(=O)c(cc1)ccc1C(=O),Oc1ccc(cccc2)c2c1c3c(cccc4)c4ccc3O,1,1,0,0,0,0
AC_128,C(=O)c(cccc1)c1C(=O),Oc1ccc(cc1)Sc2ccc(cc2)O,C(=O)c(cccc1)c1C(=O),Oc1ccc(cc1)Sc2ccc(cc2)O,1,1,0,0,0,0
AC_129,C(=O)c(cccc1)c1C(=O),OCC(COc1ccccc1OC)O,C(=O)c(cccc1)c1C(=O),OC(COC(CCCC1)C1OC)CO,1,1,0,0,0,0
AC_13,C(=O)CC(=O),Oc1c(ccc2)c(ccc1)c2O,C(=O)CC(=O),Oc1c(ccc2)c(ccc1)c2O,1,1,3,0,0,0
AC_131,C(=O)CC(=O),Oc1ccc(cc1)C(C)(C)c2ccc(cc2)C(C)(C)c3ccc(cc3)O,C(=O)CC(=O),Oc1ccc(cc1)C(C)(C)c2ccc(cc2)C(C)(C)c3ccc(cc3)O,1,1,3,0,0,0
AC_132,C(=O)c(cccc1)c1C(=O),OC(CO1)C2C1C(CO2)O,C(=O)c(cccc1)c1C(=O),OC(CO1)C2C1C(CO2)O,1,1,0,0,0,0
AC_133,C(=O)c(cccc1)c1C(=O),OCC=CCO,C(=O)c(cccc1)c1C(=O),OCC=CCO,1,1,0,0,4,0
AC_137,C(=O)CC(=O),Oc1ccc(cc1)C(C)(c2ccccc2)c3ccc(cc3)O,C(=O)CC(=O),Oc1ccc(cc1)C(C)(c2ccccc2)c3ccc(cc3)O,1,1,3,0,0,0
AC_142,C(=O)C(=O),Oc1ccc(cc1)C(C)(C)c2ccc(cc2)C(C)(C)c3ccc(cc3)O,C(=O)C(=O),Oc1ccc(cc1)C(C)(C)c2ccc(cc2)C(C)(C)c3ccc(cc3)O,1,1,2,0,0,0
AC_151,C(=O)CC(=O), Oc1ccc(cc1)C2(CCCCC2)c3ccc(O)cc3,C(=O)CC(=O), Oc1ccc(cc1)C2(CCCCC2)c3ccc(O)cc3,1,1,3,0,0,0
AC_156,C(=O)c(cccc1)c1C(=O),Oc1c(ccc2)c(ccc1)c2O,C(=O)c(cccc1)c1C(=O),Oc1c(ccc2)c(ccc1)c2O,1,1,0,0,0,0
AC_157,C(=O)c(cccc1)c1C(=O),Oc1cc2c(cc1)ccc(c2)O,C(=O)c(cccc1)c1C(=O),Oc1cc2c(cc1)ccc(c2)O,1,1,0,0,0,0
AC_159,C(=O)c(cccc1)c1C(=O),Oc1ccc(cc1)C(C)(C)c2ccc(cc2)O,C(=O)c(cccc1)c1C(=O),Oc1ccc(cc1)C(C)(C)c2ccc(cc2)O,1,1,0,0,0,0
AC_16,C(=O)CCCCCCCCC(=O),Oc1ccc(cc1)C(C)(C)c2ccc(cc2)O,C(=O)CCCCCCCCC(=O),Oc1ccc(cc1)C(C)(C)c2ccc(cc2)O,1,1,10,0,0,0
AC_160,C(=O)CC(=O),Oc1ccc(cc1)C3(c2ccc(O)cc2)c4ccccc4-c5ccccc35,C(=O)CC(=O),Oc1ccc(cc1)C3(c2ccc(O)cc2)c4ccccc4-c5ccccc35,1,1,3,0,0,0
AC_161,C(=O)CC(=O),Oc1ccc(cc1)Sc2ccc(cc2)O,C(=O)CC(=O),Oc1ccc(cc1)Sc2ccc(cc2)O,1,1,3,0,0,0
AC_169,C(=O)CC(=O),OCCSCCO,C(=O)CC(=O),OCCSCCO,1,1,3,0,5,0
AC_17,C(=O)CCCCCCCCC(=O),Oc1ccc(cc1)Cc2ccc(cc2)O,C(=O)CCCCCCCCC(=O),Oc1ccc(cc1)Cc2ccc(cc2)O,1,1,10,0,0,0
AC_171,C(=O)C(=O),Oc1ccc(cc1)C(C)(c2ccccc2)c3ccc(cc3)O,C(=O)C(=O),Oc1ccc(cc1)C(C)(c2ccccc2)c3ccc(cc3)O,1,1,2,0,0,0
AC_172,C(=O)CC(=O),Oc1ccc(cccc2)c2c1c3c(cccc4)c4ccc3O,C(=O)CC(=O),Oc1ccc(cccc2)c2c1c3c(cccc4)c4ccc3O,1,1,3,0,0,0
AC_174,C(=O)CC(=O),OCC=CCO,C(=O)CC(=O),OCC=CCO,1,1,3,0,4,0
AC_175,C(=O)CC(=O),Oc1c(ccc2)c(ccc1)c2O,C(=O)CC(=O),Oc1c(ccc2)c(ccc1)c2O,1,1,3,0,0,0
AC_176,C(=O)CC(=O),Oc1cc2c(cc1)ccc(c2)O,C(=O)CC(=O),Oc1cc2c(cc1)ccc(c2)O,1,1,3,0,0,0
AC_177,C(=O)CC(=O),OCCSSCCO,C(=O)CC(=O),OCCSSCCO,1,1,3,0,6,0
AC_180,C(=O)C(=O),OC(CC1)CCC1C(C)(C)C(CC2)CCC2O,C(=O)C(=O),OC(CC1)CCC1C(C)(C)C(CC2)CCC2O,1,1,2,0,0,0
AC_187,C(=O)C(=O),OC(CS1)SCC1O,C(=O)C(=O),OC(CS1)SCC1O,1,1,2,0,0,0
AC_19,C(=O)CCCCCCCCC(=O),Oc1ccc(cc1)Sc2ccc(cc2)O,C(=O)CCCCCCCCC(=O),Oc1ccc(cc1)Sc2ccc(cc2)O,1,1,10,0,0,0
AC_193,C(=O)C(=O),OC(C)CCC(C)O,C(=O)C(=O),OC(C)CCC(C)O,1,1,2,0,4,2
AC_194,C(=O)C(=O),OCCCCCCCCO,C(=O)C(=O),OCCCCCCCCO,1,1,2,0,8,0
AC_196,C(=O)C(=O),OCCCCCCCCCCO,C(=O)C(=O),OCCCCCCCCCCO,1,1,2,0,10,0
AC_197,C(=O)C(=O),OCC(CC)(CC)CO,C(=O)C(=O),OCC(CC)(CC)CO,1,1,2,0,3,4
AC_199,C(=O)C(=O),OCC(CC(C1)C2C3)C1C2CC3CO,C(=O)C(=O),OCC(CC(C1)C2C3)C1C2CC3CO,1,1,2,0,0,0
AC_2,C(=O)CC(=O),Oc1ccc(cc1)Cc2ccc(cc2)O,C(=O)CC(=O),Oc1ccc(cc1)Cc2ccc(cc2)O,1,1,3,0,0,0
AC_20,C(=O)CCCCCCCCC(=O),OCCSCCO,C(=O)CCCCCCCCC(=O),OCCSCCO,1,1,10,0,5,0
AC_21,C(=O)CCCCCCCCC(=O),OC(CS1)SCC1O,C(=O)CCCCCCCCC(=O),OC(CS1)SCC1O,1,1,10,0,0,0
AC_211,C(=O)C(=O),Oc1cc2c(cc1)ccc(c2)O,C(=O)C(=O),Oc1cc2c(cc1)ccc(c2)O,1,1,2,0,0,0
AC_22,C(=O)CCCCCCCCC(=O),OCC=CCO,C(=O)CCCCCCCCC(=O),OCC=CCO,1,1,10,0,4,0
AC_223,C(=O)CCC(=O),Oc1ccc(cc1)C(C)(c2ccccc2)c3ccc(cc3)O,C(=O)CCC(=O),Oc1ccc(cc1)C(C)(c2ccccc2)c3ccc(cc3)O,1,1,4,0,0,0
AC_225,C(=O)CCC(=O),Oc1ccc(cc1)S(=O)(=O)c2ccc(cc2)O,C(=O)CCC(=O),Oc1ccc(cc1)S(=O)(=O)c2ccc(cc2)O,1,1,4,0,0,0
AC_226,C(=O)CCC(=O), Oc1ccc(cc1)C2(CCCCC2)c3ccc(O)cc3,C(=O)CCC(=O), Oc1ccc(cc1)C2(CCCCC2)c3ccc(O)cc3,1,1,4,0,0,0
AC_227,C(=O)CCC(=O),Oc1c(C)cc(cc1(C))C(C)(C)c2cc(C)c(c(C)c2)O,C(=O)CCC(=O),Oc1c(C)cc(cc1(C))C(C)(C)c2cc(C)c(c(C)c2)O,1,1,4,0,0,0
AC_229,C(=O)CCC(=O),Oc1ccc(cc1)Sc2ccc(cc2)O,C(=O)CCC(=O),Oc1ccc(cc1)Sc2ccc(cc2)O,1,1,4,0,0,0
AC_23,C(=O)CCCCCCCCC(=O),Oc1cccc(c1)O,C(=O)CCCCCCCCC(=O),Oc1cccc(c1)O,1,1,10,0,0,0
AC_232,C(=O)CCC(=O),Oc(cccc1)c1c2c(cccc2)O,C(=O)CCC(=O),Oc(cccc1)c1c2c(cccc2)O,1,1,4,0,0,0
AC_233,C(=O)CCC(=O),Oc1c(C)cc(cc1)S(=O)(=O)c2ccc(c(C)c2)O,C(=O)CCC(=O),Oc1c(C)cc(cc1)S(=O)(=O)c2ccc(c(C)c2)O,1,1,4,0,0,0
AC_234,C(=O)CCC(=O),Oc1ccc(cccc2)c2c1c3c(cccc4)c4ccc3O,C(=O)CCC(=O),Oc1ccc(cccc2)c2c1c3c(cccc4)c4ccc3O,1,1,4,0,0,0
AC_235,C(=O)CCC(=O),OCC#CCO,C(=O)CCC(=O),OCC#CCO,1,1,4,0,4,0
AC_236,C(=O)CCC(=O),OC(CO1)C2C1C(CO2)O,C(=O)CCC(=O),OC(CO1)C2C1C(CO2)O,1,1,4,0,0,0
AC_237,C(=O)CCC(=O),OCC=CCO,C(=O)CCC(=O),OCC=CCO,1,1,4,0,4,0
AC_238,C(=O)CCC(=O),Oc1c(ccc2)c(ccc1)c2O,C(=O)CCC(=O),Oc1c(ccc2)c(ccc1)c2O,1,1,4,0,0,0
AC_239,C(=O)CCC(=O),Oc1cc2c(cc1)ccc(c2)O,C(=O)CCC(=O),Oc1cc2c(cc1)ccc(c2)O,1,1,4,0,0,0
AC_24,C(=O)CCCCCCCCC(=O),Oc1c(ccc2)c(ccc1)c2O,C(=O)CCCCCCCCC(=O),Oc1c(ccc2)c(ccc1)c2O,1,1,10,0,0,0
AC_240,C(=O)CCC(=O),OCCSSCCO,C(=O)CCC(=O),OCCSSCCO,1,1,4,0,6,0
AC_241,C(=O)c(ccc1)cc1C(=O),Oc1ccc(cc1)C(C)(C)c2ccc(cc2)O,C(=O)c(ccc1)cc1C(=O),Oc1ccc(cc1)C(C)(C)c2ccc(cc2)O,1,1,0,0,0,0
AC_244,C(=O)c(ccc1)cc1C(=O),Oc1ccc(cc1)C(C)(C)c2ccc(cc2)C(C)(C)c3ccc(cc3)O,C(=O)c(ccc1)cc1C(=O),Oc1ccc(cc1)C(C)(C)c2ccc(cc2)C(C)(C)c3ccc(cc3)O,1,1,0,0,0,0
AC_245,C(=O)c(ccc1)cc1C(=O),Oc1ccc(cc1)C(C)(c2ccccc2)c3ccc(cc3)O,C(=O)c(ccc1)cc1C(=O),Oc1ccc(cc1)C(C)(c2ccccc2)c3ccc(cc3)O,1,1,0,0,0,0
AC_247,C(=O)c(ccc1)cc1C(=O),Oc1ccc(cc1)S(=O)(=O)c2ccc(cc2)O,C(=O)c(ccc1)cc1C(=O),Oc1ccc(cc1)S(=O)(=O)c2ccc(cc2)O,1,1,0,0,0,0
AC_248,C(=O)c(ccc1)cc1C(=O), Oc1ccc(cc1)C2(CCCCC2)c3ccc(O)cc3,C(=O)c(ccc1)cc1C(=O), Oc1ccc(cc1)C2(CCCCC2)c3ccc(O)cc3,1,1,0,0,0,0
AC_249,C(=O)c(ccc1)cc1C(=O),Oc1c(C)cc(cc1(C))C(C)(C)c2cc(C)c(c(C)c2)O,C(=O)c(ccc1)cc1C(=O),Oc1c(C)cc(cc1(C))C(C)(C)c2cc(C)c(c(C)c2)O,1,1,0,0,0,0
AC_25,C(=O)CCCCCCCCC(=O),Oc1cc2c(cc1)ccc(c2)O,C(=O)CCCCCCCCC(=O),Oc1cc2c(cc1)ccc(c2)O,1,1,10,0,0,0
AC_251,C(=O)c(ccc1)cc1C(=O),Oc1ccc(cc1)Sc2ccc(cc2)O,C(=O)c(ccc1)cc1C(=O),Oc1ccc(cc1)Sc2ccc(cc2)O,1,1,0,0,0,0
AC_257,C(=O)c(ccc1)cc1C(=O),Oc1c(C)cc(cc1)S(=O)(=O)c2ccc(c(C)c2)O,C(=O)c(ccc1)cc1C(=O),Oc1c(C)cc(cc1)S(=O)(=O)c2ccc(c(C)c2)O,1,1,0,0,0,0
AC_258,C(=O)c(ccc1)cc1C(=O),Oc1ccc(cccc2)c2c1c3c(cccc4)c4ccc3O,C(=O)c(ccc1)cc1C(=O),Oc1ccc(cccc2)c2c1c3c(cccc4)c4ccc3O,1,1,0,0,0,0
AC_26,C(=O)CCCCCCCCC(=O),OCC#CCO,C(=O)CCCCCCCCC(=O),OCC#CCO,1,1,10,0,4,0
AC_260,C(=O)c(ccc1)cc1C(=O),OC(CO1)C2C1C(CO2)O,C(=O)c(ccc1)cc1C(=O),OC(CO1)C2C1C(CO2)O,1,1,0,0,0,0
AC_261,C(=O)c(ccc1)cc1C(=O),OCC=CCO,C(=O)c(ccc1)cc1C(=O),OCC=CCO,1,1,0,0,4,0
AC_262,C(=O)c(ccc1)cc1C(=O),Oc1cccc(c1)O,C(=O)c(ccc1)cc1C(=O),Oc1cccc(c1)O,1,1,0,0,0,0
AC_263,C(=O)c(ccc1)cc1C(=O),Oc1c(ccc2)c(ccc1)c2O,C(=O)c(ccc1)cc1C(=O),Oc1c(ccc2)c(ccc1)c2O,1,1,0,0,0,0
AC_264,C(=O)c(ccc1)cc1C(=O),Oc1cc2c(cc1)ccc(c2)O,C(=O)c(ccc1)cc1C(=O),Oc1cc2c(cc1)ccc(c2)O,1,1,0,0,0,0
AC_266,C(=O)c(cc1)ccc1C(=O),OCCC(C)CCO,C(=O)c(cc1)ccc1C(=O),OCCC(C)CCO,1,1,0,0,5,1
AC_27,C(=O)CCCCCCCCC(=O),Oc1ccc(cc1)C(C)(C)c2ccc(cc2)C(C)(C)c3ccc(cc3)O,C(=O)CCCCCCCCC(=O),Oc1ccc(cc1)C(C)(C)c2ccc(cc2)C(C)(C)c3ccc(cc3)O,1,1,10,0,0,0
AC_274,C(=O)CCCCC(=O),Oc1c(ccc2)c(ccc1)c2O,C(=O)CCCCC(=O),Oc1c(ccc2)c(ccc1)c2O,1,1,6,0,0,0
AC_275,C(=O)CCCCC(=O),Oc1cc2c(cc1)ccc(c2)O,C(=O)CCCCC(=O),Oc1cc2c(cc1)ccc(c2)O,1,1,6,0,0,0
AC_277,C(=O)CCCCC(=O),OCC(COc1ccccc1OC)O,C(=O)CCCCC(=O),OC(COC(CCCC1)C1OC)CO,1,1,6,0,0,0
AC_278,C(=O)CCCCC(=O),Oc1ccc(cc1)S(=O)(=O)c2ccc(cc2)O,C(=O)CCCCC(=O),Oc1ccc(cc1)S(=O)(=O)c2ccc(cc2)O,1,1,6,0,0,0
AC_28,C(=O)CCCCCCCCC(=O),Oc1ccc(cc1)C(C)(c2ccccc2)c3ccc(cc3)O,C(=O)CCCCCCCCC(=O),Oc1ccc(cc1)C(C)(c2ccccc2)c3ccc(cc3)O,1,1,10,0,0,0
AC_288,C(=O)c(ccc1)cc1C(=O),OC(C)(C)C#CC(C)(C)O,C(=O)c(ccc1)cc1C(=O),OC(C)(C)C#CC(C)(C)O,1,1,0,0,4,4
AC_290,C(=O)CCCCCCCCC(=O),OC(C)(C)C#CC(C)(C)O,C(=O)CCCCCCCCC(=O),OC(C)(C)C#CC(C)(C)O,1,1,10,0,4,4
AC_294,C(=O)CCCCC(=O),OCCSCCO,C(=O)CCCCC(=O),OCCSCCO,1,1,6,0,5,0
AC_296,C(=O)CCCCC(=O),OC(CS1)SCC1O,C(=O)CCCCC(=O),OC(CS1)SCC1O,1,1,6,0,0,0
AC_297,C(=O)CCCCC(=O),OCC=CCO,C(=O)CCCCC(=O),OCC=CCO,1,1,6,0,4,0
AC_298,C(=O)CCCCC(=O),Oc1cccc(c1)O,C(=O)CCCCC(=O),Oc1cccc(c1)O,1,1,6,0,0,0
AC_299,C(=O)CCCCC(=O),Oc(cccc1)c1c2c(cccc2)O,C(=O)CCCCC(=O),Oc(cccc1)c1c2c(cccc2)O,1,1,6,0,0,0
AC_3,C(=O)CC(=O),Oc1ccc(cc1)S(=O)(=O)c2ccc(cc2)O,C(=O)CC(=O),Oc1ccc(cc1)S(=O)(=O)c2ccc(cc2)O,1,1,3,0,0,0
AC_30,C(=O)CCCCCCCCC(=O),Oc1ccc(cc1)C3(c2ccc(O)cc2)c4ccccc4-c5ccccc35,C(=O)CCCCCCCCC(=O),Oc1ccc(cc1)C3(c2ccc(O)cc2)c4ccccc4-c5ccccc35,1,1,10,0,0,0
AC_300,C(=O)CCCCC(=O),Oc1c(C)cc(cc1)S(=O)(=O)c2ccc(c(C)c2)O,C(=O)CCCCC(=O),Oc1c(C)cc(cc1)S(=O)(=O)c2ccc(c(C)c2)O,1,1,6,0,0,0
AC_301,C(=O)CCCCC(=O),Oc1ccc(cc1)C(C)(C)c2ccc(cc2)O,C(=O)CCCCC(=O),Oc1ccc(cc1)C(C)(C)c2ccc(cc2)O,1,1,6,0,0,0
AC_302,C(=O)CCCCC(=O),Oc1ccc(cc1)C(C)(C)c2ccc(cc2)C(C)(C)c3ccc(cc3)O,C(=O)CCCCC(=O),Oc1ccc(cc1)C(C)(C)c2ccc(cc2)C(C)(C)c3ccc(cc3)O,1,1,6,0,0,0
AC_303,C(=O)CCCCC(=O),Oc1c(C)cc(cc1(C))C(C)(C)c2cc(C)c(c(C)c2)O,C(=O)CCCCC(=O),Oc1c(C)cc(cc1(C))C(C)(C)c2cc(C)c(c(C)c2)O,1,1,6,0,0,0
AC_304,C(=O)CCCCC(=O),Oc1ccc(cc1)C(C)(c2ccccc2)c3ccc(cc3)O,C(=O)CCCCC(=O),Oc1ccc(cc1)C(C)(c2ccccc2)c3ccc(cc3)O,1,1,6,0,0,0
AC_305,C(=O)CCCCC(=O), Oc1ccc(cc1)C2(CCCCC2)c3ccc(O)cc3,C(=O)CCCCC(=O), Oc1ccc(cc1)C2(CCCCC2)c3ccc(O)cc3,1,1,6,0,0,0
AC_306,C(=O)CCCCC(=O),Oc1ccc(cc1)S(=O)(=O)c2ccc(cc2)O,C(=O)CCCCC(=O),Oc1ccc(cc1)S(=O)(=O)c2ccc(cc2)O,1,1,6,0,0,0
AC_307,C(=O)CCCCC(=O),OCC#CCO,C(=O)CCCCC(=O),OCC#CCO,1,1,6,0,4,0
AC_308,C(=O)CCCCC(=O),Oc1ccc(cc1)Sc2ccc(cc2)O,C(=O)CCCCC(=O),Oc1ccc(cc1)Sc2ccc(cc2)O,1,1,6,0,0,0
AC_31,C(=O)CCCCCCCCC(=O),OC(CO1)C2C1C(CO2)O,C(=O)CCCCCCCCC(=O),OC(CO1)C2C1C(CO2)O,1,1,10,0,0,0
AC_32,C(=O)CCCCCCCCC(=O),OCC(COc1ccccc1OC)O,C(=O)CCCCCCCCC(=O),OC(COC(CCCC1)C1OC)CO,1,1,10,0,0,0
AC_33,C(=O)CCCCCCCCC(=O),Oc1ccc(cc1)S(=O)(=O)c2ccc(cc2)O,C(=O)CCCCCCCCC(=O),Oc1ccc(cc1)S(=O)(=O)c2ccc(cc2)O,1,1,10,0,0,0
AC_36,C(=O)c(cc1)ccc1C(=O),OC(C)COC(C)COC(C)CO,C(=O)c(cc1)ccc1C(=O),OCC(C)OCC(C)OCC(C)O,1,1,0,0,8,3
AC_37,C(=O)c(cc1)ccc1C(=O),Oc1cccc(c1)O,C(=O)c(cc1)ccc1C(=O),Oc1cccc(c1)O,1,1,0,0,0,0
AC_38,C(=O)c(cc1)ccc1C(=O),Oc1c(ccc2)c(ccc1)c2O,C(=O)c(cc1)ccc1C(=O),Oc1c(ccc2)c(ccc1)c2O,1,1,0,0,0,0
AC_39,C(=O)c(cc1)ccc1C(=O),Oc1cc2c(cc1)ccc(c2)O,C(=O)c(cc1)ccc1C(=O),Oc1cc2c(cc1)ccc(c2)O,1,1,0,0,0,0
AC_40,C(=O)c(cc1)ccc1C(=O),OCC#CCO,C(=O)c(cc1)ccc1C(=O),OCC#CCO,1,1,0,0,4,0
AC_41,C(=O)c(cc1)ccc1C(=O),Oc1ccc(cc1)C(C)(C)c2ccc(cc2)O,C(=O)c(cc1)ccc1C(=O),Oc1ccc(cc1)C(C)(C)c2ccc(cc2)O,1,1,0,0,0,0
AC_42,C(=O)c(cc1)ccc1C(=O),Oc1ccc(cc1)Cc2ccc(cc2)O,C(=O)c(cc1)ccc1C(=O),Oc1ccc(cc1)Cc2ccc(cc2)O,1,1,0,0,0,0
AC_43,C(=O)c(cc1)ccc1C(=O),Oc1ccc(cc1)S(=O)(=O)c2ccc(cc2)O,C(=O)c(cc1)ccc1C(=O),Oc1ccc(cc1)S(=O)(=O)c2ccc(cc2)O,1,1,0,0,0,0
AC_45,C(=O)c(cc1)ccc1C(=O),Oc1ccc(cc1)Sc2ccc(cc2)O,C(=O)c(cc1)ccc1C(=O),Oc1ccc(cc1)Sc2ccc(cc2)O,1,1,0,0,0,0
AC_46,C(=O)c(cc1)ccc1C(=O),OCC(COc1ccccc1OC)O,C(=O)c(cc1)ccc1C(=O),OC(COC(CCCC1)C1OC)CO,1,1,0,0,0,0
AC_47,C(=O)c(cc1)ccc1C(=O),OCCSCCO,C(=O)c(cc1)ccc1C(=O),OCCSCCO,1,1,0,0,5,0
AC_48,C(=O)c(cc1)ccc1C(=O),OC(CS1)SCC1O,C(=O)c(cc1)ccc1C(=O),OC(CS1)SCC1O,1,1,0,0,0,0
AC_49,C(=O)c(cc1)ccc1C(=O),OC(CO1)C2C1C(CO2)O,C(=O)c(cc1)ccc1C(=O),OC(CO1)C2C1C(CO2)O,1,1,0,0,0,0
AC_5,C(=O)CC(=O),Oc1ccc(cc1)Sc2ccc(cc2)O,C(=O)CC(=O),Oc1ccc(cc1)Sc2ccc(cc2)O,1,1,3,0,0,0
AC_50,C(=O)c(cc1)ccc1C(=O),OCC=CCO,C(=O)c(cc1)ccc1C(=O),OCC=CCO,1,1,0,0,4,0
AC_51,C(=O)CCCCCCCCC(=O), Oc1ccc(cc1)C2(CCCCC2)c3ccc(O)cc3,C(=O)CCCCCCCCC(=O), Oc1ccc(cc1)C2(CCCCC2)c3ccc(O)cc3,1,1,10,0,0,0
AC_52,C(=O)CCCCCCCCC(=O),Oc1ccc(cccc2)c2c1c3c(cccc4)c4ccc3O,C(=O)CCCCCCCCC(=O),Oc1ccc(cccc2)c2c1c3c(cccc4)c4ccc3O,1,1,10,0,0,0
AC_54,C(=O)CCCCCCCCC(=O),Oc1c(C)cc(cc1)S(=O)(=O)c2ccc(c(C)c2)O,C(=O)CCCCCCCCC(=O),Oc1c(C)cc(cc1)S(=O)(=O)c2ccc(c(C)c2)O,1,1,10,0,0,0
AC_55,C(=O)CCCCCCCC(=O),Oc1ccc(cc1)C(C)(C)c2ccc(cc2)O,C(=O)CCCCCCCC(=O),Oc1ccc(cc1)C(C)(C)c2ccc(cc2)O,1,1,9,0,0,0
AC_56,C(=O)CCCCCCCC(=O),Oc1ccc(cc1)Cc2ccc(cc2)O,C(=O)CCCCCCCC(=O),Oc1ccc(cc1)Cc2ccc(cc2)O,1,1,9,0,0,0
AC_57,C(=O)CCCCCCCC(=O),Oc1ccc(cc1)Sc2ccc(cc2)O,C(=O)CCCCCCCC(=O),Oc1ccc(cc1)Sc2ccc(cc2)O,1,1,9,0,0,0
AC_59,C(=O)CCCCCCCC(=O),OC(CS1)SCC1O,C(=O)CCCCCCCC(=O),OC(CS1)SCC1O,1,1,9,0,0,0
AC_60,C(=O)CCCCCCCC(=O),OCC=CCO,C(=O)CCCCCCCC(=O),OCC=CCO,1,1,9,0,4,0
AC_61,C(=O)CCCCCCCC(=O),Oc1cccc(c1)O,C(=O)CCCCCCCC(=O),Oc1cccc(c1)O,1,1,9,0,0,0
AC_62,C(=O)CCCCCCCC(=O),Oc1c(ccc2)c(ccc1)c2O,C(=O)CCCCCCCC(=O),Oc1c(ccc2)c(ccc1)c2O,1,1,9,0,0,0
AC_63,C(=O)CCCCCCCC(=O),Oc1cc2c(cc1)ccc(c2)O,C(=O)CCCCCCCC(=O),Oc1cc2c(cc1)ccc(c2)O,1,1,9,0,0,0
AC_64,C(=O)CCCCCCCC(=O),OCC#CCO,C(=O)CCCCCCCC(=O),OCC#CCO,1,1,9,0,4,0
AC_66,C(=O)CCCCCCCC(=O),OCC(COc1ccccc1OC)O,C(=O)CCCCCCCC(=O),OC(COC(CCCC1)C1OC)CO,1,1,9,0,0,0
AC_67,C(=O)CCCCCCCC(=O),Oc1ccc(cc1)S(=O)(=O)c2ccc(cc2)O,C(=O)CCCCCCCC(=O),Oc1ccc(cc1)S(=O)(=O)c2ccc(cc2)O,1,1,9,0,0,0
AC_68,C(=O)CCCCCCCC(=O),Oc(cccc1)c1c2c(cccc2)O,C(=O)CCCCCCCC(=O),Oc(cccc1)c1c2c(cccc2)O,1,1,9,0,0,0
AC_70,C(=O)CCCCCCCC(=O),Oc1ccc(cc1)C(C)(C)c2ccc(cc2)C(C)(C)c3ccc(cc3)O,C(=O)CCCCCCCC(=O),Oc1ccc(cc1)C(C)(C)c2ccc(cc2)C(C)(C)c3ccc(cc3)O,1,1,9,0,0,0
AC_71,C(=O)CCCCCCCC(=O),Oc1ccc(cc1)C(C)(c2ccccc2)c3ccc(cc3)O,C(=O)CCCCCCCC(=O),Oc1ccc(cc1)C(C)(c2ccccc2)c3ccc(cc3)O,1,1,9,0,0,0
AC_72,C(=O)CCCCCCCC(=O),Oc1c(C)cc(cc1(C))C(C)(C)c2cc(C)c(c(C)c2)O,C(=O)CCCCCCCC(=O),Oc1c(C)cc(cc1(C))C(C)(C)c2cc(C)c(c(C)c2)O,1,1,9,0,0,0
AC_73,C(=O)CCCCCCCC(=O),Oc1ccc(cc1)C3(c2ccc(O)cc2)c4ccccc4-c5ccccc35,C(=O)CCCCCCCC(=O),Oc1ccc(cc1)C3(c2ccc(O)cc2)c4ccccc4-c5ccccc35,1,1,9,0,0,0
AC_76,C(=O)CCCCCCCC(=O),Oc1ccc(cccc2)c2c1c3c(cccc4)c4ccc3O,C(=O)CCCCCCCC(=O),Oc1ccc(cccc2)c2c1c3c(cccc4)c4ccc3O,1,1,9,0,0,0
AC_77,C(=O)CCCCCCC(=O),Oc1ccc(cc1)C(C)(C)c2ccc(cc2)O,C(=O)CCCCCCC(=O),Oc1ccc(cc1)C(C)(C)c2ccc(cc2)O,1,1,8,0,0,0
AC_78,C(=O)CCCCCCC(=O),Oc1ccc(cc1)Cc2ccc(cc2)O,C(=O)CCCCCCC(=O),Oc1ccc(cc1)Cc2ccc(cc2)O,1,1,8,0,0,0
AC_79,C(=O)CCCCCCC(=O),Oc1ccc(cc1)Sc2ccc(cc2)O,C(=O)CCCCCCC(=O),Oc1ccc(cc1)Sc2ccc(cc2)O,1,1,8,0,0,0
AC_8,C(=O)CC(=O),OC(CS1)SCC1O,C(=O)CC(=O),OC(CS1)SCC1O,1,1,3,0,0,0
AC_81,C(=O)CCCCCCC(=O),OC(CS1)SCC1O,C(=O)CCCCCCC(=O),OC(CS1)SCC1O,1,1,8,0,0,0
AC_83,C(=O)CCCCCCC(=O),Oc1cccc(c1)O,C(=O)CCCCCCC(=O),Oc1cccc(c1)O,1,1,8,0,0,0
AC_84,C(=O)CCCCCCC(=O),Oc1c(ccc2)c(ccc1)c2O,C(=O)CCCCCCC(=O),Oc1c(ccc2)c(ccc1)c2O,1,1,8,0,0,0
AC_85,C(=O)CCCCCCC(=O),Oc1cc2c(cc1)ccc(c2)O,C(=O)CCCCCCC(=O),Oc1cc2c(cc1)ccc(c2)O,1,1,8,0,0,0
AC_87,C(=O)C(C)(C)C(=O),Oc1ccc(cc1)C(C)(C)c2ccc(cc2)O,C(=O)C(C)(C)C(=O),Oc1ccc(cc1)C(C)(C)c2ccc(cc2)O,1,1,3,2,0,0
AC_88,C(=O)C(C)(C)C(=O),Oc(cccc1)c1c2c(cccc2)O,C(=O)C(C)(C)C(=O),Oc(cccc1)c1c2c(cccc2)O,1,1,3,2,0,0
AC_89,C(=O)C(C)(C)C(=O),Oc1ccc(cc1)Sc2ccc(cc2)O,C(=O)C(C)(C)C(=O),Oc1ccc(cc1)Sc2ccc(cc2)O,1,1,3,2,0,0
AC_91,C(=O)C(C)(C)C(=O),OCC=CCO,C(=O)C(C)(C)C(=O),OCC=CCO,1,1,3,2,4,0
AC_94,C(=O)C(C)(C)C(=O),Oc1c(ccc2)c(ccc1)c2O,C(=O)C(C)(C)C(=O),Oc1c(ccc2)c(ccc1)c2O,1,1,3,2,0,0
AC_97,C(=O)c(cc1)ccc1C(=O),Oc(cccc1)c1c2c(cccc2)O,C(=O)c(cc1)ccc1C(=O),Oc(cccc1)c1c2c(cccc2)O,1,1,0,0,0,0
AC_98,C(=O)c(cc1)ccc1C(=O),OCCCO,C(=O)c(cc1)ccc1C(=O),OCCCO,1,1,0,0,3,0
AC_99,C(=O)c(cc1)ccc1C(=O),OCCCCCO,C(=O)c(cc1)ccc1C(=O),OCCCCCO,1,1,0,0,5,0
C_1,C(=O),Oc1ccc(cc1)C(C)(C)c2ccc(cc2)C(C)(C)c3ccc(cc3)O,C(=O),Oc1ccc(cc1)C(C)(C)c2ccc(cc2)C(C)(C)c3ccc(cc3)O,1,1,1,0,0,0
C_12,C(=O),OCC=CCO,C(=O),OCC=CCO,1,1,1,0,4,0
C_13,C(=O),Oc(cccc1)c1c2c(cccc2)O,C(=O),Oc(cccc1)c1c2c(cccc2)O,1,1,1,0,0,0
C_15,C(=O),OCCCCCO,C(=O),OCCCCCO,1,1,1,0,5,0
C_17,C(=O),OCCCCCCCCO,C(=O),OCCCCCCCCO,1,1,1,0,8,0
C_18,C(=O),OCCCCCCCCCO,C(=O),OCCCCCCCCCO,1,1,1,0,9,0
C_19,C(=O),OCCCCCCCCCCO,C(=O),OCCCCCCCCCCO,1,1,1,0,10,0
C_2,C(=O),Oc1ccc(cc1)C(C)(c2ccccc2)c3ccc(cc3)O,C(=O),Oc1ccc(cc1)C(C)(c2ccccc2)c3ccc(cc3)O,1,1,1,0,0,0
C_20,C(=O),OCC(CC)(CC)CO,C(=O),OCC(CC)(CC)CO,1,1,1,0,3,4
C_21,C(=O),OCC(C)(C)CO,C(=O),OCC(C)(C)CO,1,1,1,0,3,2
C_22,C(=O),OCC(CC(C1)C2C3)C1C2CC3CO,C(=O),OCC(CC(C1)C2C3)C1C2CC3CO,1,1,1,0,0,0
C_25,C(=O),OC(CC1)CCC1O,C(=O),OC(CC1)CCC1O,1,1,1,0,0,0
C_26,C(=O),OCCOCCO,C(=O),OCCOCCO,1,1,1,0,5,0
C_28,C(=O),Oc1c(C)cc(cc1)S(=O)(=O)c2ccc(c(C)c2)O,C(=O),Oc1c(C)cc(cc1)S(=O)(=O)c2ccc(c(C)c2)O,1,1,1,0,0,0
C_29,C(=O),OCCSSCCO,C(=O),OCCSSCCO,1,1,1,0,6,0
C_3,C(=O),OC(CC1)CCC1C(C)(C)C(CC2)CCC2O,C(=O),OC(CC1)CCC1C(C)(C)C(CC2)CCC2O,1,1,1,0,0,0
C_30,C(=O),OCC(C)OCC(C)O,C(=O),OC(C)COC(C)CO,1,1,1,0,5,2
C_33,C(=O),Oc1c(ccc2)c(ccc1)c2O,C(=O),Oc1c(ccc2)c(ccc1)c2O,1,1,1,0,0,0
C_34,C(=O),Oc1cc2c(cc1)ccc(c2)O,C(=O),Oc1cc2c(cc1)ccc(c2)O,1,1,1,0,0,0
C_35,C(=O),OCC#CCO,C(=O),OCC#CCO,1,1,1,0,4,0
C_36,C(=O),Oc1ccc(cc1)C(C)(C)c2ccc(cc2)O,C(=O),Oc1ccc(cc1)C(C)(C)c2ccc(cc2)O,1,1,1,0,0,0
C_37,C(=O),Oc1ccc(cc1)Cc2ccc(cc2)O,C(=O),Oc1ccc(cc1)Cc2ccc(cc2)O,1,1,1,0,0,0
C_38,C(=O),Oc1ccc(cc1)S(=O)(=O)c2ccc(cc2)O,C(=O),Oc1ccc(cc1)S(=O)(=O)c2ccc(cc2)O,1,1,1,0,0,0
C_4,C(=O),Oc1ccc(cc1)C3(c2ccc(O)cc2)c4ccccc4-c5ccccc35,C(=O),Oc1ccc(cc1)C3(c2ccc(O)cc2)c4ccccc4-c5ccccc35,1,1,1,0,0,0
C_40,C(=O),OCCCCO,C(=O),OCCCCO,1,1,1,0,4,0
C_41,C(=O),OCCCCCCO,C(=O),OCCCCCCO,1,1,1,0,6,0
C_42,C(=O),OCC(C)CO,C(=O),OCC(C)CO,1,1,1,0,3,1
C_43,C(=O),OCC(CC)(CCCC)CO,C(=O),OCC(CC)(CCCC)CO,1,1,1,0,3,6
C_48,C(=O),OC(C=C)C(C=C)O,C(=O),OC(C=C)C(C=C)O,1,1,1,0,2,4
C_5,C(=O), Oc1ccc(cc1)C2(CCCCC2)c3ccc(O)cc3,C(=O), Oc1ccc(cc1)C2(CCCCC2)c3ccc(O)cc3,1,1,1,0,0,0
C_6,C(=O),Oc1ccc(cccc2)c2c1c3c(cccc4)c4ccc3O,C(=O),Oc1ccc(cccc2)c2c1c3c(cccc4)c4ccc3O,1,1,1,0,0,0
C_7,C(=O),Oc1ccc(cc1)Sc2ccc(cc2)O,C(=O),Oc1ccc(cc1)Sc2ccc(cc2)O,1,1,1,0,0,0
C_8,C(=O),OCC(COc1ccccc1OC)O,C(=O),OC(COC(CCCC1)C1OC)CO,1,1,1,0,0,0
C_9,C(=O),OCCSCCO,C(=O),OCCSCCO,1,1,1,0,5,0
DW_10-1,C(=O)COCC(=O),OCCO,C(=O)CC(=O),OCCO,1,1,3,0,2,0
DW_10-10,C(=O)COCC(=O),OCCCCCCCCCCO,C(=O)CC(=O),OCCCCCCCCCCO,1,1,3,0,10,0
DW_10-11,C(=O)COCC(=O),OCC(C)O,C(=O)CC(=O),OC(C)CO,1,1,3,0,2,1
DW_10-2,C(=O)COCC(=O),OCCCO,C(=O)CC(=O),OCCCO,1,1,3,0,3,0
DW_10-3,C(=O)COCC(=O),OCCCCO,C(=O)CC(=O),OCCCCO,1,1,3,0,4,0
DW_10-4,C(=O)COCC(=O),OCCCCCO,C(=O)CC(=O),OCCCCCO,1,1,3,0,5,0
DW_10-5,C(=O)COCC(=O),OCCCCCCO,C(=O)CC(=O),OCCCCCCO,1,1,3,0,6,0
DW_10-6,C(=O)COCC(=O),OCCC(C)CCO,C(=O)CC(=O),OCCC(C)CCO,1,1,3,0,5,1
DW_10-7,C(=O)COCC(=O),OCCCCCCCO,C(=O)CC(=O),OCCCCCCCO,1,1,3,0,7,0
DW_10-8,C(=O)COCC(=O),OCCCCCCCCO,C(=O)CC(=O),OCCCCCCCCO,1,1,3,0,8,0
DW_10-9,C(=O)COCC(=O),OCCCCCCCCCO,C(=O)CC(=O),OCCCCCCCCCO,1,1,3,0,9,0
DW_12-10,C(=O)CSCC(=O),OCCC(C)CCO,C(=O)CSCC(=O),OCCC(C)CCO,1,1,5,0,5,1
DW_12-11,C(=O)CSCC(=O),OCCCCCCCCCCO,C(=O)CSCC(=O),OCCCCCCCCCCO,1,1,5,0,10,0
DW_12-3,C(=O)CN(C)CC(=O),OCCCCO,C(=O)CN(C)CC(=O),OCCCCO,1,1,5,1,4,0
DW_12-4,C(=O)CN(C)CC(=O),OCCCCCCO,C(=O)CN(C)CC(=O),OCCCCCCO,1,1,5,1,6,0
DW_12-5,C(=O)CN(C)CC(=O),OCCC(C)CCO,C(=O)CN(C)CC(=O),OCCC(C)CCO,1,1,5,1,5,1
DW_12-6,C(=O)CN(C)CC(=O),OCCCCCCCCCCO,C(=O)CN(C)CC(=O),OCCCCCCCCCCO,1,1,5,1,10,0
DW_12-7,C(=O)CSCC(=O),OCCO,C(=O)CSCC(=O),OCCO,1,1,5,0,2,0
DW_12-8,C(=O)CSCC(=O),OCCCCO,C(=O)CSCC(=O),OCCCCO,1,1,5,0,4,0
DW_12-9,C(=O)CSCC(=O),OCCCCCCO,C(=O)CSCC(=O),OCCCCCCO,1,1,5,0,6,0
DW_13-1,C(=O)CCCCC(=O),OCC(CC)(CC)CO,C(=O)CCCCC(=O),OCC(CC)(CC)CO,1,1,6,0,3,4
DW_13-11,C(=O)CCCCC(=O),OCC(C)O,C(=O)CCCCC(=O),OC(C)CO,1,1,6,0,2,1
DW_13-2,C(=O)CCCCC(=O),OCC(C)CO,C(=O)CCCCC(=O),OCC(C)CO,1,1,6,0,3,1
DW_13-3,C(=O)CCCCC(=O),OCC(CC)(CCCC)CO,C(=O)CCCCC(=O),OCC(CC)(CCCC)CO,1,1,6,0,3,6
DW_13-4,C(=O)CCCCC(=O),OCC(C)(C)C(C(C)C)O,C(=O)CCCCC(=O),OC(C(C)C)C(C)(C)CO,1,1,6,0,3,5
DW_13-5,C(=O)CCCCC(=O),OCC(C)(C)CO,C(=O)CCCCC(=O),OCC(C)(C)CO,1,1,6,0,3,2
DW_13-6,C(=O)CCCCC(=O),OCC=CCO,C(=O)CCCCC(=O),OCC=CCO,1,1,6,0,4,0
DW_13-7,C(=O)CCCCC(=O),OC(CC1)CCC1C(C)(C)C(CC2)CCC2O,C(=O)CCCCC(=O),OC(CC1)CCC1C(C)(C)C(CC2)CCC2O,1,1,6,0,0,0
DW_13-8,C(=O)CCCCC(=O),OCC(CC(C1)C2C3)C1C2CC3CO,C(=O)CCCCC(=O),OCC(CC(C1)C2C3)C1C2CC3CO,1,1,6,0,0,0
DW_13-9,C(=O)CCCCC(=O),OCC#CCO,C(=O)CCCCC(=O),OCC#CCO,1,1,6,0,4,0
DW_14-1,C(=O)CCCCC(=O),OC(C)C(C)O,C(=O)CCCCC(=O),OC(C)C(C)O,1,1,6,0,2,2
DW_14-11,C(=O)CCC(=O),Oc1cccc(c1)O,C(=O)CCC(=O),Oc1cccc(c1)O,1,1,4,0,0,0
DW_14-2,C(=O)CCCCC(=O),OC(CC1)CCC1O,C(=O)CCCCC(=O),OC(CC1)CCC1O,1,1,6,0,0,0
DW_14-5,C(=O)CCCCC(=O),Oc1cccc(c1)O,C(=O)CCCCC(=O),Oc1cccc(c1)O,1,1,6,0,0,0
DW_14-7,C(=O)CCC(=O),OC(C)C(C)O,C(=O)CCC(=O),OC(C)C(C)O,1,1,4,0,2,2
DW_14-8,C(=O)CCC(=O),OC(CC1)CCC1O,C(=O)CCC(=O),OC(CC1)CCC1O,1,1,4,0,0,0
DW_14-9,C(=O)CCC(=O),OCC=CCO,C(=O)CCC(=O),OCC=CCO,1,1,4,0,4,0
DW_15-1,C(=O)CCC(=O),OCC(CC)(CC)CO,C(=O)CCC(=O),OCC(CC)(CC)CO,1,1,4,0,3,4
DW_15-11,C(=O)CCCCCCC(=O),OCC(CC1)CCC1CO,C(=O)CCCCCCC(=O),OCC(CC1)CCC1CO,1,1,8,0,0,0
DW_15-2,C(=O)CCC(=O),OCC(C)CO,C(=O)CCC(=O),OCC(C)CO,1,1,4,0,3,1
DW_15-3,C(=O)CCC(=O),OCC(CC)(CCCC)CO,C(=O)CCC(=O),OCC(CC)(CCCC)CO,1,1,4,0,3,6
DW_15-4,C(=O)CCC(=O),OCC(C)(C)C(C(C)C)O,C(=O)CCC(=O),OC(C(C)C)C(C)(C)CO,1,1,4,0,3,5
DW_15-5,C(=O)CCC(=O),OCC(C)(C)CO,C(=O)CCC(=O),OCC(C)(C)CO,1,1,4,0,3,2
DW_15-6,C(=O)CCC(=O),OCC(CC1)CCC1CO,C(=O)CCC(=O),OCC(CC1)CCC1CO,1,1,4,0,0,0
DW_15-7,C(=O)CCC(=O),OC(CC1)CCC1C(C)(C)C(CC2)CCC2O,C(=O)CCC(=O),OC(CC1)CCC1C(C)(C)C(CC2)CCC2O,1,1,4,0,0,0
DW_15-8,C(=O)CCC(=O),OCC(CC(C1)C2C3)C1C2CC3CO,C(=O)CCC(=O),OCC(CC(C1)C2C3)C1C2CC3CO,1,1,4,0,0,0
DW_15-9,C(=O)CCC(=O),Oc1ccc(cc1)C(C)(C)c2ccc(cc2)O,C(=O)CCC(=O),Oc1ccc(cc1)C(C)(C)c2ccc(cc2)O,1,1,4,0,0,0
DW_16-1,C(=O)CN(C)CC(=O),OCC(CC1)CCC1CO,C(=O)CN(C)CC(=O),OCC(CC1)CCC1CO,1,1,5,1,0,0
DW_16-10,C(=O)CSCC(=O),OC(C)C(C)O,C(=O)CSCC(=O),OC(C)C(C)O,1,1,5,0,2,2
DW_16-11,C(=O)CSCC(=O),Oc1ccc(cc1)C(C)(C)c2ccc(cc2)O,C(=O)CSCC(=O),Oc1ccc(cc1)C(C)(C)c2ccc(cc2)O,1,1,5,0,0,0
DW_16-2,C(=O)CN(C)CC(=O),OC(CC1)CCC1C(C)(C)C(CC2)CCC2O,C(=O)CN(C)CC(=O),OC(CC1)CCC1C(C)(C)C(CC2)CCC2O,1,1,5,1,0,0
DW_16-3,C(=O)CN(C)CC(=O),OCC(CC)(CCCC)CO,C(=O)CN(C)CC(=O),OCC(CC)(CCCC)CO,1,1,5,1,3,6
DW_16-4,C(=O)CN(C)CC(=O),Oc1cccc(c1)O,C(=O)CN(C)CC(=O),Oc1cccc(c1)O,1,1,5,1,0,0
DW_16-5,C(=O)CN(C)CC(=O),OC(C)C(C)O,C(=O)CN(C)CC(=O),OC(C)C(C)O,1,1,5,1,2,2
DW_16-6,C(=O)CSCC(=O),OCC(CC1)CCC1CO,C(=O)CSCC(=O),OCC(CC1)CCC1CO,1,1,5,0,0,0
DW_16-7,C(=O)CSCC(=O),OC(CC1)CCC1C(C)(C)C(CC2)CCC2O,C(=O)CSCC(=O),OC(CC1)CCC1C(C)(C)C(CC2)CCC2O,1,1,5,0,0,0
DW_16-8,C(=O)CSCC(=O),OCC(CC)(CCCC)CO,C(=O)CSCC(=O),OCC(CC)(CCCC)CO,1,1,5,0,3,6
DW_16-9,C(=O)CSCC(=O),Oc1cccc(c1)O,C(=O)CSCC(=O),Oc1cccc(c1)O,1,1,5,0,0,0
DW_17-1,C(=O)COCC(=O),OCC(CC)(CC)CO,C(=O)CC(=O),OCC(CC)(CC)CO,1,1,3,0,3,4
DW_17-10,C(=O)COCC(=O),Oc1ccc(cc1)C(C)(C)c2ccc(cc2)O,C(=O)CC(=O),Oc1ccc(cc1)C(C)(C)c2ccc(cc2)O,1,1,3,0,0,0
DW_17-11,C(=O)COCC(=O),Oc1cccc(c1)O,C(=O)CC(=O),Oc1cccc(c1)O,1,1,3,0,0,0
DW_17-2,C(=O)COCC(=O),OCC(C)CO,C(=O)CC(=O),OCC(C)CO,1,1,3,0,3,1
DW_17-3,C(=O)COCC(=O),OCC(CC)(CCCC)CO,C(=O)CC(=O),OCC(CC)(CCCC)CO,1,1,3,0,3,6
DW_17-4,C(=O)COCC(=O),OCC(C)(C)C(C(C)C)O,C(=O)CC(=O),OC(C(C)C)C(C)(C)CO,1,1,3,0,3,5
DW_17-5,C(=O)COCC(=O),OCC(C)(C)CO,C(=O)CC(=O),OCC(C)(C)CO,1,1,3,0,3,2
DW_17-6,C(=O)COCC(=O),OCC(CC1)CCC1CO,C(=O)CC(=O),OCC(CC1)CCC1CO,1,1,3,0,0,0
DW_17-7,C(=O)COCC(=O),OC(CC1)CCC1C(C)(C)C(CC2)CCC2O,C(=O)CC(=O),OC(CC1)CCC1C(C)(C)C(CC2)CCC2O,1,1,3,0,0,0
DW_17-8,C(=O)COCC(=O),OCC(CC(C1)C2C3)C1C2CC3CO,C(=O)CC(=O),OCC(CC(C1)C2C3)C1C2CC3CO,1,1,3,0,0,0
DW_17-9,C(=O)COCC(=O),OC(CO1)C2C1C(CO2)O,C(=O)CC(=O),OC(CO1)C2C1C(CO2)O,1,1,3,0,0,0
DW_18-1,C(=O)c(cc1)ccc1C(=O),OCCO,C(=O)c(cc1)ccc1C(=O),OCCO,1,1,0,0,2,0
DW_18-2,C(=O)c(cc1)ccc1C(=O),OCCCCO,C(=O)c(cc1)ccc1C(=O),OCCCCO,1,1,0,0,4,0
DW_18-3,C(=O)c1ccc(cc1)C(=O),OCC=CCO,C(=O)c1ccc(cc1)C(=O),OCC=CCO,1,1,0,0,4,0
DW_18-4,C(=O)c(cc1)ccc1C(=O),OCC(C)CO,C(=O)c(cc1)ccc1C(=O),OCC(C)CO,1,1,0,0,3,1
DW_18-5,C(=O)c(cc1)ccc1C(=O),OCC(CC)(CCCC)CO,C(=O)c(cc1)ccc1C(=O),OCC(CC)(CCCC)CO,1,1,0,0,3,6
DW_18-6,C(=O)c(cc1)ccc1C(=O),OCC(CC1)CCC1CO,C(=O)c(cc1)ccc1C(=O),OCC(CC1)CCC1CO,1,1,0,0,0,0
DW_18-7,C(=O)c(cc1)ccc1C(=O),OC(CC1)CCC1C(C)(C)C(CC2)CCC2O,C(=O)c(cc1)ccc1C(=O),OC(CC1)CCC1C(C)(C)C(CC2)CCC2O,1,1,0,0,0,0
DW_18-8,C(=O)c(cc1)ccc1C(=O),Oc1ccc(cc1)C(C)(C)c2ccc(cc2)O,C(=O)c(cc1)ccc1C(=O),Oc1ccc(cc1)C(C)(C)c2ccc(cc2)O,1,1,0,0,0,0
DW_19-1,C(=O)C(CC1)CCC1C(=O),OCCO,C(=O)C(CC1)CCC1C(=O),OCCO,1,1,0,0,2,0
DW_19-10,C(=O)C(CC1)CCC1C(=O),OCC(C)(C)CO,C(=O)C(CC1)CCC1C(=O),OCC(C)(C)CO,1,1,0,0,3,2
DW_19-11,C(=O)C(CC1)CCC1C(=O),OCC(C)CO,C(=O)C(CC1)CCC1C(=O),OCC(C)CO,1,1,0,0,3,1
DW_19-2,C(=O)C(CC1)CCC1C(=O),OCCCCO,C(=O)C(CC1)CCC1C(=O),OCCCCO,1,1,0,0,4,0
DW_19-3,C(=O)C(CC1)CCC1C(=O),OCCC(C)CCO,C(=O)C(CC1)CCC1C(=O),OCCC(C)CCO,1,1,0,0,5,1
DW_19-4,C(=O)C(CC1)CCC1C(=O),OCCCCCCCCCCO,C(=O)C(CC1)CCC1C(=O),OCCCCCCCCCCO,1,1,0,0,10,0
DW_19-5,C(=O)C(CC1)CCC1C(=O),OCC(CC)(CCCC)CO,C(=O)C(CC1)CCC1C(=O),OCC(CC)(CCCC)CO,1,1,0,0,3,6
DW_19-6,C(=O)C(CC1)CCC1C(=O),OC(CC1)CCC1O,C(=O)C(CC1)CCC1C(=O),OC(CC1)CCC1O,1,1,0,0,0,0
DW_19-7,C(=O)C(CC1)CCC1C(=O),OCC(CC1)CCC1CO,C(=O)C(CC1)CCC1C(=O),OCC(CC1)CCC1CO,1,1,0,0,0,0
DW_19-8,C(=O)C(CC1)CCC1C(=O),OC(CC1)CCC1C(C)(C)C(CC2)CCC2O,C(=O)C(CC1)CCC1C(=O),OC(CC1)CCC1C(C)(C)C(CC2)CCC2O,1,1,0,0,0,0
DW_19-9,C(=O)C(CC1)CCC1C(=O),OCC(CC(C1)C2C3)C1C2CC3CO,C(=O)C(CC1)CCC1C(=O),OCC(CC(C1)C2C3)C1C2CC3CO,1,1,0,0,0,0
DW_3-1,C(=O)CCCCCCCC(=O),OCCO,C(=O)CCCCCCCC(=O),OCCO,1,1,9,0,2,0
DW_3-10,C(=O)CCCCCC(=O),OCCCCCO,C(=O)CCCCCC(=O),OCCCCCO,1,1,7,0,5,0
DW_3-11,C(=O)CCCCCC(=O),OCCC(C)CCO,C(=O)CCCCCC(=O),OCCC(C)CCO,1,1,7,0,5,1
DW_3-2,C(=O)CCCCCCCC(=O),OCCCO,C(=O)CCCCCCCC(=O),OCCCO,1,1,9,0,3,0
DW_3-3,C(=O)CCCCCCCC(=O),OCCCCO,C(=O)CCCCCCCC(=O),OCCCCO,1,1,9,0,4,0
DW_3-4,C(=O)CCCCCCCC(=O),OCCCCCO,C(=O)CCCCCCCC(=O),OCCCCCO,1,1,9,0,5,0
DW_3-5,C(=O)CCCCCCCC(=O),OCCC(C)CCO,C(=O)CCCCCCCC(=O),OCCC(C)CCO,1,1,9,0,5,1
DW_3-6,C(=O)CCCCCCCC(=O),OCCCCCCCCCCO,C(=O)CCCCCCCC(=O),OCCCCCCCCCCO,1,1,9,0,10,0
DW_3-7,C(=O)CCCCCC(=O),OCCO,C(=O)CCCCCC(=O),OCCO,1,1,7,0,2,0
DW_3-8,C(=O)CCCCCC(=O),OCCCO,C(=O)CCCCCC(=O),OCCCO,1,1,7,0,3,0
DW_3-9,C(=O)CCCCCC(=O),OCCCCO,C(=O)CCCCCC(=O),OCCCCO,1,1,7,0,4,0
DW_5-1,C(=O)CCC(=O),OCCO,C(=O)CCC(=O),OCCO,1,1,4,0,2,0
DW_5-10,C(=O)CCC(=O),OCCCCCCCCCO,C(=O)CCC(=O),OCCCCCCCCCO,1,1,4,0,9,0
DW_5-11,C(=O)CCC(=O),OCCCCCCCCCCO,C(=O)CCC(=O),OCCCCCCCCCCO,1,1,4,0,10,0
DW_5-2,C(=O)CCC(=O),OCCCO,C(=O)CCC(=O),OCCCO,1,1,4,0,3,0
DW_5-3,C(=O)CCC(=O),OCCCCO,C(=O)CCC(=O),OCCCCO,1,1,4,0,4,0
DW_5-4,C(=O)CCC(=O),OCCCCCO,C(=O)CCC(=O),OCCCCCO,1,1,4,0,5,0
DW_5-5,C(=O)CCC(=O),OCCCCCCO,C(=O)CCC(=O),OCCCCCCO,1,1,4,0,6,0
DW_5-6,C(=O)CCC(=O),OC(C)CCC(C)O,C(=O)CCC(=O),OC(C)CCC(C)O,1,1,4,0,4,2
DW_5-7,C(=O)CCC(=O),OCCC(C)CCO,C(=O)CCC(=O),OCCC(C)CCO,1,1,4,0,5,1
DW_5-8,C(=O)CCC(=O),OCCCCCCCO,C(=O)CCC(=O),OCCCCCCCO,1,1,4,0,7,0
DW_5-9,C(=O)CCC(=O),OCCCCCCCCO,C(=O)CCC(=O),OCCCCCCCCO,1,1,4,0,8,0
DW_6-1,C(=O)CCCC(=O),OCCO,C(=O)CCCC(=O),OCCO,1,1,5,0,2,0
DW_6-10,C(=O)CCCC(=O),OCCCCCCCCCCO,C(=O)CCCC(=O),OCCCCCCCCCCO,1,1,5,0,10,0
DW_6-11,C(=O)CCCCCCCC(=O),OCCCCCCCCO,C(=O)CCCCCCCC(=O),OCCCCCCCCO,1,1,9,0,8,0
DW_6-2,C(=O)CCCC(=O),OCCCO,C(=O)CCCC(=O),OCCCO,1,1,5,0,3,0
DW_6-3,C(=O)CCCC(=O),OCCCCO,C(=O)CCCC(=O),OCCCCO,1,1,5,0,4,0
DW_6-4,C(=O)CCCC(=O),OCCCCCO,C(=O)CCCC(=O),OCCCCCO,1,1,5,0,5,0
DW_6-5,C(=O)CCCC(=O),OCCCCCCO,C(=O)CCCC(=O),OCCCCCCO,1,1,5,0,6,0
DW_6-6,C(=O)CCCC(=O),OCCC(C)CCO,C(=O)CCCC(=O),OCCC(C)CCO,1,1,5,0,5,1
DW_6-7,C(=O)CCCC(=O),OCCCCCCCO,C(=O)CCCC(=O),OCCCCCCCO,1,1,5,0,7,0
DW_6-8,C(=O)CCCC(=O),OCCCCCCCCO,C(=O)CCCC(=O),OCCCCCCCCO,1,1,5,0,8,0
DW_6-9,C(=O)CCCC(=O),OCCCCCCCCCO,C(=O)CCCC(=O),OCCCCCCCCCO,1,1,5,0,9,0
DW_7-1,C(=O)CCCCC(=O),OCCO,C(=O)CCCCCCCC(=O),OCCCCCCCCO,1,1,6,0,2,0
DW_7-10,C(=O)CCCCC(=O),OCCCCCCCCCCO,C(=O)CCCCC(=O),OCCCCCCCCCCO,1,1,6,0,10,0
DW_7-11,C(=O)CCCCCCCC(=O),OCCCCCCCCCO,C(=O)CCCCCCCC(=O),OCCCCCCCCCO,1,1,9,0,9,0
DW_7-2,C(=O)CCCCC(=O),OCCCO,C(=O)CCCCC(=O),OCCCO,1,1,6,0,3,0
DW_7-3,C(=O)CCCCC(=O),OCCCCO,C(=O)CCCCC(=O),OCCCCO,1,1,6,0,4,0
DW_7-4,C(=O)CCCCC(=O),OCCCCCO,C(=O)CCCCC(=O),OCCCCCO,1,1,6,0,5,0
DW_7-5,C(=O)CCCCC(=O),OCCCCCCO,C(=O)CCCCC(=O),OCCCCCCO,1,1,6,0,6,0
DW_7-6,C(=O)CCCCC(=O),OCCC(C)CCO,C(=O)CCCCC(=O),OCCC(C)CCO,1,1,6,0,5,1
DW_7-7,C(=O)CCCCC(=O),OCCCCCCCO,C(=O)CCCCC(=O),OCCC(C)CCO,1,1,6,0,7,0
DW_7-8,C(=O)CCCCC(=O),OCCCCCCCCO,C(=O)CCCCC(=O),OCCCCCCCCO,1,1,6,0,8,0
DW_7-9,C(=O)CCCCC(=O),OCCCCCCCCCO,C(=O)CCCCC(=O),OCCCCCCCCCO,1,1,6,0,9,0
DW_8-1,C(=O)c(ccc1)cc1C(=O),OCCO,C(=O)c(ccc1)cc1C(=O),OCCO,1,1,0,0,2,0
DW_8-10,C(=O)c(ccc1)cc1C(=O),OCCCCCCCCCCO,C(=O)c(ccc1)cc1C(=O),OCCCCCCCCCCO,1,1,0,0,10,0
DW_8-11,C(=O)c(ccc1)cc1C(=O),OCC(C)O,C(=O)c(ccc1)cc1C(=O),OC(C)CO,1,1,0,0,2,1
DW_8-2,C(=O)c(ccc1)cc1C(=O),OCCCO,C(=O)c(ccc1)cc1C(=O),OCCCO,1,1,0,0,3,0
DW_8-3,C(=O)c(ccc1)cc1C(=O),OCCCCO,C(=O)c(ccc1)cc1C(=O),OCCCCO,1,1,0,0,4,0
DW_8-4,C(=O)c(ccc1)cc1C(=O),OCCCCCO,C(=O)c(ccc1)cc1C(=O),OCCCCCO,1,1,0,0,5,0
DW_8-5,C(=O)c(ccc1)cc1C(=O),OCCCCCCO,C(=O)c(ccc1)cc1C(=O),OCCCCCCO,1,1,0,0,6,0
DW_8-6,C(=O)c(ccc1)cc1C(=O),OCCC(C)CCO,C(=O)c(ccc1)cc1C(=O),OCCC(C)CCO,1,1,0,0,5,1
DW_8-7,C(=O)c(ccc1)cc1C(=O),OCCCCCCCO,C(=O)c(ccc1)cc1C(=O),OCCCCCCCO,1,1,0,0,7,0
DW_8-8,C(=O)c(ccc1)cc1C(=O),OCCCCCCCCO,C(=O)c(ccc1)cc1C(=O),OCCCCCCCCO,1,1,0,0,8,0
DW_8-9,C(=O)c(ccc1)cc1C(=O),OCCCCCCCCCO,C(=O)c(ccc1)cc1C(=O),OCCCCCCCCCO,1,1,0,0,9,0
DW_9-3,C(=O)c(cc1)ccc1C(=O),OCCCCCCCCCCO,C(=O)c(cc1)ccc1C(=O),OCCCCCCCCCCO,1,1,0,0,10,0
R_1,C(=O)C(CC1)CCC1C(=O),OCC(C)(C)C(C(C)C)O,C(=O)C(CC1)CCC1C(=O),OC(C(C)C)C(C)(C)CO,1,1,0,0,3,5
R_10,C(=O)c(cc1)ccc1C(=O),OCC(C)O,C(=O)c(ccc1)cc1C(=O),OC(C)CO,1,1,0,0,2,1
R_100,C(=O)CN(C)CC(=O),OCC(C)(C)C(C(C)C)O,C(=O)CN(C)CC(=O),OC(C(C)C)C(C)(C)CO,1,1,5,1,3,5
R_101,C(=O)c(ccc1c2)cc1ccc2C(=O),OCC(C)(C)C(C(C)C)O,C(=O)c(ccc1c2)cc1ccc2C(=O),OC(C(C)C)C(C)(C)CO,1,1,0,0,3,5
R_102,C(=O)c(ccc1c2)cc1ccc2C(=O),OCCCCO,C(=O)c(ccc1c2)cc1ccc2C(=O),OCCCCO,1,1,0,0,4,0
R_103,C(=O)CSCC(=O),OCCCCCO,C(=O)CSCC(=O),OCCCCCO,1,1,5,0,5,0
R_104,C(=O)C(CC1)CCC1C(=O),OCCCCCO,C(=O)C(CC1)CCC1C(=O),OCCCCCO,1,1,0,0,5,0
R_105,C(=O)CN(C)CC(=O),OCCCCCO,C(=O)CN(C)CC(=O),OCCCCCO,1,1,5,1,5,0
R_106,C(=O)c(ccc1c2)cc1ccc2C(=O),OCCCCCO,C(=O)c(ccc1c2)cc1ccc2C(=O),OCCCCCO,1,1,0,0,5,0
R_107,C(=O)C(CC1)CCC1C(=O),OCCCCCCO,C(=O)C(CC1)CCC1C(=O),OCCCCCCO,1,1,0,0,6,0
R_108,C(=O)c(ccc1c2)cc1ccc2C(=O),OCCCCCCO,C(=O)c(ccc1c2)cc1ccc2C(=O),OCCCCCCO,1,1,0,0,6,0
R_11,C(=O)c(ccc1)cc1C(=O),OC(C)C(C)O,C(=O)c(ccc1)cc1C(=O),OC(C)C(C)O,1,1,0,0,2,2
R_110,C(=O)C(CC1)CCC1C(=O),OCCCCCCCO,C(=O)C(CC1)CCC1C(=O),OCCCCCCCO,1,1,0,0,7,0
R_112,C(=O)c(ccc1c2)cc1ccc2C(=O),OCCCCCCCO,C(=O)c(ccc1c2)cc1ccc2C(=O),OCCCCCCCO,1,1,0,0,7,0
R_113,C(=O)C(CC1)CCC1C(=O),OCCCCCCCCO,C(=O)C(CC1)CCC1C(=O),OCCCCCCCCO,1,1,0,0,8,0
R_114,C(=O)CN(C)CC(=O),OCCCCCCCCO,C(=O)CN(C)CC(=O),OCCCCCCCCO,1,1,5,1,8,0
R_115,C(=O)c(ccc1c2)cc1ccc2C(=O),OCCCCCCCCO,C(=O)c(ccc1c2)cc1ccc2C(=O),OCCCCCCCCO,1,1,0,0,8,0
R_116,C(=O)CCCC(=O),OCC(CC1)CCC1CO,C(=O)CCCC(=O),OCC(CC1)CCC1CO,1,1,5,0,0,0
R_117,C(=O)c(ccc1c2)cc1ccc2C(=O),OCC(CC1)CCC1CO,C(=O)c(ccc1c2)cc1ccc2C(=O),OCC(CC1)CCC1CO,1,1,0,0,0,0
R_118,C(=O)CSCC(=O),OCCCCCCCCCO,C(=O)CSCC(=O),OCCCCCCCCCO,1,1,5,0,9,0
R_119,C(=O)C(CC1)CCC1C(=O),OCCCCCCCCCO,C(=O)C(CC1)CCC1C(=O),OCCCCCCCCCO,1,1,0,0,9,0
R_12,C(=O)c(ccc1)cc1C(=O),OC(CC1)CCC1O,C(=O)c(ccc1)cc1C(=O),OC(CC1)CCC1O,1,1,0,0,0,0
R_121,C(=O)c(ccc1c2)cc1ccc2C(=O),OCCCCCCCCCO,C(=O)c(ccc1c2)cc1ccc2C(=O),OCCCCCCCCCO,1,1,0,0,9,0
R_122,C(=O)CCCCCC(=O),OCCCCCCCCCCO,C(=O)CCCCCC(=O),OCCCCCCCCCCO,1,1,7,0,10,0
R_124,C(=O)CCCCCCCCC(=O),OCC(C)CO,C(=O)CCCCCCCCC(=O),OCC(C)CO,1,1,10,0,3,1
R_125,C(=O)CCCCCCCCC(=O),OC(CC1)CCC1C(C)(C)C(CC2)CCC2O,C(=O)CCCCCCCCC(=O),OC(CC1)CCC1C(C)(C)C(CC2)CCC2O,1,1,10,0,0,0
R_126,C(=O)CCCCCCCCC(=O),OCC(C)(C)C(C(C)C)O,C(=O)CCCCCCCCC(=O),OC(C(C)C)C(C)(C)CO,1,1,10,0,3,5
R_127,C(=O)CCCCCCCCC(=O),OCCCCO,C(=O)CCCCCCCCC(=O),OCCCCO,1,1,10,0,4,0
R_128,C(=O)CCCCCCCCC(=O),OCCCCCO,C(=O)CCCCCCCCC(=O),OCCCCCO,1,1,10,0,5,0
R_129,C(=O)CCCCCC(=O),OC(CC1)CCC1C(C)(C)C(CC2)CCC2O,C(=O)CCCCCC(=O),OC(CC1)CCC1C(C)(C)C(CC2)CCC2O,1,1,7,0,0,0
R_13,C(=O)CCCC(=O),OCC(C)CO,C(=O)CCCC(=O),OCC(C)CO,1,1,5,0,3,1
R_130,C(=O)CCCCCCCC(=O),OC(CC1)CCC1C(C)(C)C(CC2)CCC2O,C(=O)CCCCCCCC(=O),OC(CC1)CCC1C(C)(C)C(CC2)CCC2O,1,1,9,0,0,0
R_131,C(=O)CCCCCC(=O),OCC(C)(C)C(C(C)C)O,C(=O)CCCCCC(=O),OC(C(C)C)C(C)(C)CO,1,1,7,0,3,5
R_132,C(=O)CCCCCCCC(=O),OCC(C)(C)C(C(C)C)O,C(=O)CCCCCCCC(=O),OC(C(C)C)C(C)(C)CO,1,1,9,0,3,5
R_133,C(=O)CCCCCC(=O),OCCCCCCO,C(=O)CCCCCC(=O),OCCCCCCO,1,1,7,0,6,0
R_134,C(=O)CCCCCCCC(=O),OCCCCCCO,C(=O)CCCCCCCC(=O),OCCCCCCO,1,1,9,0,6,0
R_135,C(=O)CCCCCCCCC(=O),OCCCCCCO,C(=O)CCCCCCCCC(=O),OCCCCCCO,1,1,10,0,6,0
R_138,C(=O)CCCCCCCCC(=O),OCCCCCCCO,C(=O)CCCCCCCCC(=O),OCCCCCCCO,1,1,10,0,7,0
R_139,C(=O)CCCCCC(=O),OCCCCCCCCO,C(=O)CCCCCC(=O),OCCCCCCCCO,1,1,7,0,8,0
R_14,C(=O)CCCCCC(=O),OCC(C)CO,C(=O)CCCCCC(=O),OCC(C)CO,1,1,7,0,3,1
R_140,C(=O)CCCCCCCCC(=O),OCCCCCCCCO,C(=O)CCCCCCCCC(=O),OCCCCCCCCO,1,1,10,0,8,0
R_141,C(=O)CCCCCC(=O),OCC(CC1)CCC1CO,C(=O)CCCCCC(=O),OCC(CC1)CCC1CO,1,1,7,0,0,0
R_142,C(=O)CCCCCCCC(=O),OCC(CC1)CCC1CO,C(=O)CCCCCCCC(=O),OCC(CC1)CCC1CO,1,1,9,0,0,0
R_143,C(=O)CCCCCCCCC(=O),OCC(CC1)CCC1CO,C(=O)CCCCCCCCC(=O),OCC(CC1)CCC1CO,1,1,10,0,0,0
R_144,C(=O)CCCCCC(=O),OCCCCCCCCCO,C(=O)CCCCCC(=O),OCCCCCCCCCO,1,1,7,0,9,0
R_145,C(=O)CCCCCCCCC(=O),OCCCCCCCCCO,C(=O)CCCCCCCCC(=O),OCCCCCCCCCO,1,1,10,0,9,0
R_146,C(=O)CCCCCCCCC(=O),OCCCCCCCCCCO,C(=O)CCCCCCCCC(=O),OCCCCCCCCCCO,1,1,10,0,10,0
R_147,C(=O)CCCCCC(=O),OCCOCCO,C(=O)CCCCCC(=O),OCCOCCO,1,1,7,0,5,0
R_148,C(=O)CCCCCCCC(=O),OCCOCCO,C(=O)CCCCCCCC(=O),OCCOCCO,1,1,9,0,5,0
R_149,C(=O)CCCCCCCCC(=O),OCCOCCO,C(=O)CCCCCCCCC(=O),OCCOCCO,1,1,10,0,5,0
R_15,C(=O)CSCC(=O),OCC(C)CO,C(=O)CSCC(=O),OCC(C)CO,1,1,5,0,3,1
R_150,C(=O)C(CC1)CCC1C(=O),OCCOCCO,C(=O)C(CC1)CCC1C(=O),OCCOCCO,1,1,0,0,5,0
R_152,C(=O)c(ccc1c2)cc1ccc2C(=O),OCCOCCO,C(=O)c(ccc1c2)cc1ccc2C(=O),OCCOCCO,1,1,0,0,5,0
R_153,C(=O)CCCC(=O),OCCOCCO,C(=O)CCCC(=O),OCCOCCO,1,1,5,0,5,0
R_154,C(=O)CSCC(=O),OCCOCCO,C(=O)CSCC(=O),OCCOCCO,1,1,5,0,5,0
R_157,C(=O)c(ccc1)cc1C(=O),OCCOCCO,C(=O)c(ccc1)cc1C(=O),OCCOCCO,1,1,0,0,5,0
R_158,C(=O)CCCCCCC(=O),OCCOCCO,C(=O)CCCCCCC(=O),OCCOCCO,1,1,8,0,5,0
R_159,C(=O)CCCCC(=O),OCCOCCO,C(=O)CCCCC(=O),OCCOCCO,1,1,6,0,5,0
R_16,C(=O)CCCCCCCC(=O),OCC(C)CO,C(=O)CCCCCCCC(=O),OCC(C)CO,1,1,9,0,3,1
R_162,C(=O)CCCCCCCC(=O),OCCOCCOCCO,C(=O)CCCCCCCC(=O),OCCOCCOCCO,1,1,9,0,8,0
R_163,C(=O)CCCCCCCCC(=O),OCCOCCOCCO,C(=O)CCCCCCCCC(=O),OCCOCCOCCO,1,1,10,0,8,0
R_164,C(=O)C(CC1)CCC1C(=O),OCCOCCOCCO,C(=O)C(CC1)CCC1C(=O),OCCOCCOCCO,1,1,0,0,8,0
R_166,C(=O)c(ccc1c2)cc1ccc2C(=O),OCCOCCOCCO,C(=O)c(ccc1c2)cc1ccc2C(=O),OCCOCCOCCO,1,1,0,0,8,0
R_168,C(=O)CSCC(=O),OCCOCCOCCO,C(=O)CSCC(=O),OCCOCCOCCO,1,1,5,0,8,0
R_17,C(=O)C(CC1)CCC1C(=O),OCC(C)CO,C(=O)C(CC1)CCC1C(=O),OCC(C)CO,1,1,0,0,3,1
R_172,C(=O)CCCCCCC(=O),OCCOCCOCCO,C(=O)CCCCCCC(=O),OCCOCCOCCO,1,1,8,0,8,0
R_173,C(=O)CCCCC(=O),OCCOCCOCCO,C(=O)CCCCC(=O),OCCOCCOCCO,1,1,6,0,8,0
R_175,C(=O)CCCCCC(=O),OC(C)COC(C)COC(C)CO,C(=O)CCCCCC(=O),OCC(C)OCC(C)OCC(C)O,1,1,7,0,8,3
R_176,C(=O)CCCCCCCC(=O),OC(C)COC(C)COC(C)CO,C(=O)CCCCCCCC(=O),OCC(C)OCC(C)OCC(C)O,1,1,9,0,8,3
R_177,C(=O)CCCCCCCCC(=O),OC(C)COC(C)COC(C)CO,C(=O)CCCCCCCCC(=O),OCC(C)OCC(C)OCC(C)O,1,1,10,0,8,3
R_178,C(=O)C(CC1)CCC1C(=O),OC(C)COC(C)COC(C)CO,C(=O)C(CC1)CCC1C(=O),OCC(C)OCC(C)OCC(C)O,1,1,0,0,8,3
R_180,C(=O)CCCC(=O),OC(C)COC(C)COC(C)CO,C(=O)CCCC(=O),OCC(C)OCC(C)OCC(C)O,1,1,5,0,8,3
R_181,C(=O)CSCC(=O),OC(C)COC(C)COC(C)CO,C(=O)CSCC(=O),OCC(C)OCC(C)OCC(C)O,1,1,5,0,8,3
R_185,C(=O)CCCCCCC(=O),OC(C)COC(C)COC(C)CO,C(=O)CCCCCCC(=O),OCC(C)OCC(C)OCC(C)O,1,1,8,0,8,3
R_187,C(=O)CCC(=O),OC(C)COC(C)COC(C)CO,C(=O)CCC(=O),OCC(C)OCC(C)OCC(C)O,1,1,4,0,8,3
R_189,C(=O)CCCCCCCC(=O),OCC(C)OCC(C)O,C(=O)CCCCCCCC(=O),OC(C)COC(C)CO,1,1,9,0,5,2
R_190,C(=O)CCCCCCCCC(=O),OCC(C)OCC(C)O,C(=O)CCCCCCCCC(=O),OC(C)COC(C)CO,1,1,10,0,5,2
R_191,C(=O)C(CC1)CCC1C(=O),OCC(C)OCC(C)O,C(=O)C(CC1)CCC1C(=O),OC(C)COC(C)CO,1,1,0,0,5,2
R_192,C(=O)c(ccc1c2)cc1ccc2C(=O),OCC(C)OCC(C)O,C(=O)c(ccc1c2)cc1ccc2C(=O),OC(C)COC(C)CO,1,1,0,0,5,2
R_193,C(=O)CCCC(=O),OCC(C)OCC(C)O,C(=O)CCCC(=O),OC(C)COC(C)CO,1,1,5,0,5,2
R_194,C(=O)CSCC(=O),OCC(C)OCC(C)O,C(=O)CSCC(=O),OC(C)COC(C)CO,1,1,5,0,5,2
R_196,C(=O)CC(=O),OCC(C)OCC(C)O,C(=O)CC(=O),OC(C)COC(C)CO,1,1,3,0,5,2
R_199,C(=O)CCCCC(=O),OCC(C)OCC(C)O,C(=O)CCCCC(=O),OC(C)COC(C)CO,1,1,6,0,5,2
R_2,C(=O)c(ccc1)cc1C(=O),OCC(CC)(CC)CO,C(=O)c(ccc1)cc1C(=O),OCC(CC)(CC)CO,1,1,0,0,3,4
R_201,C(=O)CCCCCCCC(=O),OCCSCCO,C(=O)CCCCCCCC(=O),OCCSCCO,1,1,9,0,5,0
R_202,C(=O)CCCCCCCCC(=O),OCCSCCO,C(=O)CCCCCCCCC(=O),OCCSCCO,1,1,10,0,5,0
R_203,C(=O)C(CC1)CCC1C(=O),OCCSCCO,C(=O)C(CC1)CCC1C(=O),OCCSCCO,1,1,0,0,5,0
R_204,C(=O)CCCC(=O),OCCSCCO,C(=O)CCCC(=O),OCCSCCO,1,1,5,0,5,0
R_205,C(=O)CSCC(=O),OCCSCCO,C(=O)CSCC(=O),OCCSCCO,1,1,5,0,5,0
R_206,C(=O)COCCOCC(=O),OCCSCCO,C(=O)COCCOCC(=O),OCCSCCO,1,1,8,0,5,0
R_207,C(=O)COCC(=O),OCCSCCO,C(=O)COCC(=O),OCCSCCO,1,1,3,0,5,0
R_208,C(=O)c(ccc1)cc1C(=O),OCCSCCO,C(=O)c(ccc1)cc1C(=O),OCCSCCO,1,1,0,0,5,0
R_209,C(=O)CCCCC(=O),OCCSCCO,C(=O)CCCCC(=O),OCCSCCO,1,1,6,0,5,0
R_21,C(=O)CCCC(=O),OC(CC1)CCC1O,C(=O)CCCC(=O),OC(CC1)CCC1O,1,1,5,0,0,0
R_210,C(=O)CCC(=O),OCCSCCO,C(=O)CCC(=O),OCCSCCO,1,1,4,0,5,0
R_211,C(=O)CCCCCCCC(=O),OCC(COc1ccccc1OC)O,C(=O)CCCCCCCC(=O),OC(COC(CCCC1)C1OC)CO,1,1,9,0,0,0
R_212,C(=O)CCCCCCCCC(=O),OCC(COc1ccccc1OC)O,C(=O)CCCCCCCCC(=O),OC(COC(CCCC1)C1OC)CO,1,1,10,0,0,0
R_213,C(=O)C(CC1)CCC1C(=O),OCC(COc1ccccc1OC)O,C(=O)C(CC1)CCC1C(=O),OC(COC(CCCC1)C1OC)CO,1,1,0,0,0,0
R_214,C(=O)CCCC(=O),OCC(COc1ccccc1OC)O,C(=O)CCCC(=O),OC(COC(CCCC1)C1OC)CO,1,1,5,0,0,0
R_215,C(=O)CSCC(=O),OCC(COc1ccccc1OC)O,C(=O)CSCC(=O),OC(COC(CCCC1)C1OC)CO,1,1,5,0,0,0
R_216,C(=O)COCCOCC(=O),OCC(COc1ccccc1OC)O,C(=O)COCCOCC(=O),OC(COC(CCCC1)C1OC)CO,1,1,8,0,0,0
R_217,C(=O)CC(=O),OCC(COc1ccccc1OC)O,C(=O)CC(=O),OC(COC(CCCC1)C1OC)CO,1,1,3,0,0,0
R_219,C(=O)CCCCC(=O),OCC(COc1ccccc1OC)O,C(=O)CCCCC(=O),OC(COC(CCCC1)C1OC)CO,1,1,6,0,0,0
R_22,C(=O)CCCCCC(=O),OC(CC1)CCC1O,C(=O)CCCCCC(=O),OC(CC1)CCC1O,1,1,7,0,0,0
R_220,C(=O)CCC(=O),OCC(COc1ccccc1OC)O,C(=O)CCC(=O),OC(COC(CCCC1)C1OC)CO,1,1,4,0,0,0
R_221,C(=O)CCCCCCCC(=O),OC(CS1)SCC1O,C(=O)CCCCCCCC(=O),OC(CS1)SCC1O,1,1,9,0,0,0
R_223,C(=O)C(CC1)CCC1C(=O),OC(CS1)SCC1O,C(=O)C(CC1)CCC1C(=O),OC(CS1)SCC1O,1,1,0,0,0,0
R_224,C(=O)CCCC(=O),OC(CS1)SCC1O,C(=O)CCCC(=O),OC(CS1)SCC1O,1,1,5,0,0,0
R_225,C(=O)CSCC(=O),OC(CS1)SCC1O,C(=O)CSCC(=O),OC(CS1)SCC1O,1,1,5,0,0,0
R_226,C(=O)COCCOCC(=O),OC(CS1)SCC1O,C(=O)COCCOCC(=O),OC(CS1)SCC1O,1,1,8,0,0,0
R_227,C(=O)COCC(=O),OC(CS1)SCC1O,C(=O)CC(=O),OC(CS1)SCC1O,1,1,3,0,0,0
R_228,C(=O)c(ccc1)cc1C(=O),OC(CS1)SCC1O,C(=O)c(ccc1)cc1C(=O),OC(CS1)SCC1O,1,1,0,0,0,0
R_229,C(=O)CCCCC(=O),OC(CS1)SCC1O,C(=O)CCCCC(=O),OC(CS1)SCC1O,1,1,6,0,0,0
R_23,C(=O)CCCCCC(=O),OCCC(C)CCO,C(=O)CCCCCC(=O),OCCC(C)CCO,1,1,7,0,5,1
R_230,C(=O)CCC(=O),OC(CS1)SCC1O,C(=O)CCC(=O),OC(CS1)SCC1O,1,1,4,0,0,0
R_231,C(=O)c1nc2ccccc2c(c1)C(=O),OC(C)COC(C)COC(C)CO,C(=O)c1c2ccccc2nc1C(=O),OCC(C)OCC(C)OCC(C)O,1,1,0,0,8,3
R_232,C(=O)c1nc2ccccc2c(c1)C(=O),OC(CC1)CCC1C(C)(C)C(CC2)CCC2O,C(=O)c1c2ccccc2nc1C(=O),OC(CC1)CCC1C(C)(C)C(CC2)CCC2O,1,1,0,0,0,0
R_233,C(=O)c1nc2ccccc2c(c1)C(=O),OC(CC1)CCC1O,C(=O)c1c2ccccc2nc1C(=O),OC(CC1)CCC1O,1,1,0,0,0,0
R_234,C(=O)c1nc2ccccc2c(c1)C(=O),OCC(C)(C)C(C(C)C)O,C(=O)c1c2ccccc2nc1C(=O),OC(C(C)C)C(C)(C)CO,1,1,0,0,3,5
R_235,C(=O)c1nc2ccccc2c(c1)C(=O),OCC(C)(C)CO,C(=O)c1c2ccccc2nc1C(=O),OCC(C)(C)CO,1,1,0,0,3,2
R_236,C(=O)c1nc2ccccc2c(c1)C(=O),OCC(C)CO,C(=O)c1c2ccccc2nc1C(=O),OCC(C)CO,1,1,0,0,3,1
R_237,C(=O)c1nc2ccccc2c(c1)C(=O),OCC(C)O,C(=O)c1c2ccccc2nc1C(=O),OC(C)CO,1,1,0,0,2,1
R_238,C(=O)c1nc2ccccc2c(c1)C(=O),OCC(CC(C1)C2C3)C1C2CC3CO,C(=O)c1c2ccccc2nc1C(=O),OCC(CC(C1)C2C3)C1C2CC3CO,1,1,0,0,0,0
R_239,C(=O)c1nc2ccccc2c(c1)C(=O),OCC(CC)(CC)CO,C(=O)c1c2ccccc2nc1C(=O),OCC(CC)(CC)CO,1,1,0,0,3,4
R_24,C(=O)CSCC(=O),OC(CC1)CCC1O,C(=O)CSCC(=O),OC(CC1)CCC1O,1,1,5,0,0,0
R_240,C(=O)c1nc2ccccc2c(c1)C(=O),OCC(CC)(CCCC)CO,C(=O)c1c2ccccc2nc1C(=O),OCC(CC)(CCCC)CO,1,1,0,0,3,6
R_241,C(=O)c1nc2ccccc2c(c1)C(=O),OCCCCCCCCCCO,C(=O)c1c2ccccc2nc1C(=O),OCCCCCCCCCCO,1,1,0,0,10,0
R_242,C(=O)c1nc2ccccc2c(c1)C(=O),OCCCCCCCCCO,C(=O)c1c2ccccc2nc1C(=O),OCCCCCCCCCO,1,1,0,0,9,0
R_243,C(=O)c1nc2ccccc2c(c1)C(=O),OCCCCCCCCO,C(=O)c1c2ccccc2nc1C(=O),OCCCCCCCCO,1,1,0,0,8,0
R_244,C(=O)c1nc2ccccc2c(c1)C(=O),OCCCCCCO,C(=O)c1c2ccccc2nc1C(=O),OCCCCCCO,1,1,0,0,6,0
R_245,C(=O)c1nc2ccccc2c(c1)C(=O),OCCCCCO,C(=O)c1c2ccccc2nc1C(=O),OCCCCCO,1,1,0,0,5,0
R_247,C(=O)c1nc2ccccc2c(c1)C(=O),OCCCO,C(=O)c1c2ccccc2nc1C(=O),OCCCO,1,1,0,0,3,0
R_248,C(=O)c1nc2ccccc2c(c1)C(=O),OCCO,C(=O)c1c2ccccc2nc1C(=O),OCCO,1,1,0,0,2,0
R_25,C(=O)CCCCCCCC(=O),OC(CC1)CCC1O,C(=O)CCCCCCCC(=O),OC(CC1)CCC1O,1,1,9,0,0,0
R_250,C(=O)c1nc2ccccc2c(c1)C(=O),OCC(CC)(CC)CO,C(=O)c1c2ccccc2nc1C(=O),OCC(CC)(CC)CO,1,1,0,0,3,4
R_251,C(=O)c1nc2ccccc2c(c1)C(=O),OCCOCCOCCO,C(=O)c1c2ccccc2nc1C(=O),OCCOCCOCCO,1,1,0,0,8,0
R_252,C(=O)c1nc2ccccc2c(c1)C(=O),OCCC(C)CCO,C(=O)c1c2ccccc2nc1C(=O),OCCC(C)CCO,1,1,0,0,5,1
R_254,C(=O)c1oc(cc1)C(=O),OCCCCCO,C(=O)c1oc(cc1)C(=O),OCCCCCO,1,1,0,0,5,0
R_255,C(=O)c1oc(cc1)C(=O),OCCCCO,C(=O)c1oc(cc1)C(=O),OCCCCO,1,1,0,0,4,0
R_256,C(=O)c1oc(cc1)C(=O),OCCCCCCO,C(=O)c1oc(cc1)C(=O),OCCCCCCO,1,1,0,0,6,0
R_257,C(=O)c1oc(cc1)C(=O),OCCO,C(=O)c1oc(cc1)C(=O),OCCO,1,1,0,0,2,0
R_258,C(=O)c1oc(cc1)C(=O),OCCCO,C(=O)c1oc(cc1)C(=O),OCCCO,1,1,0,0,3,0
R_259,C(=O)c1oc(cc1)C(=O),OCC(C)CO,C(=O)c1oc(cc1)C(=O),OCC(C)CO,1,1,0,0,3,1
R_26,C(=O)CCCCCCCCC(=O),OC(CC1)CCC1O,C(=O)CCCCCCCCC(=O),OC(CC1)CCC1O,1,1,10,0,0,0
R_260,C(=O)c1oc(cc1)C(=O),OC(CC1)CCC1O,O=C(O)c1oc(C(=O)O)cc1,OC(CC1)CCC1O,1,1,0,0,0,0
R_27,C(=O)CC(=O),OC(CC1)CCC1O,C(=O)CC(=O),OC(CC1)CCC1O,1,1,3,0,0,0
R_28,C(=O)CN(C)CC(=O),OC(CC1)CCC1O,C(=O)CN(C)CC(=O),OC(CC1)CCC1O,1,1,5,1,0,0
R_29,C(=O)CCCC(=O),OCC(CC)(CC)CO,C(=O)CCCC(=O),OCC(CC)(CC)CO,1,1,5,0,3,4
R_30,C(=O)CCCCCC(=O),OCC(CC)(CC)CO,C(=O)CCCCCC(=O),OCC(CC)(CC)CO,1,1,7,0,3,4
R_31,C(=O)CSCC(=O),OCC(CC)(CC)CO,C(=O)CSCC(=O),OCC(CC)(CC)CO,1,1,5,0,3,4
R_32,C(=O)CCCCCCCCC(=O),OCC(CC)(CC)CO,C(=O)CCCCCCCCC(=O),OCC(CC)(CC)CO,1,1,10,0,3,4
R_33,C(=O)C(CC1)CCC1C(=O),OCC(CC)(CC)CO,C(=O)C(CC1)CCC1C(=O),OCC(CC)(CC)CO,1,1,0,0,3,4
R_34,C(=O)CN(C)CC(=O),OCC(CC)(CC)CO,C(=O)CN(C)CC(=O),OCC(CC)(CC)CO,1,1,5,1,3,4
R_38,C(=O)CCCC(=O),OCC(CC(C1)C2C3)C1C2CC3CO,C(=O)CCCC(=O),OCC(CC(C1)C2C3)C1C2CC3CO,1,1,5,0,0,0
R_39,C(=O)CCCCCC(=O),OCC(CC(C1)C2C3)C1C2CC3CO,C(=O)CCCCCC(=O),OCC(CC(C1)C2C3)C1C2CC3CO,1,1,7,0,0,0
R_4,C(=O)c(ccc1)cc1C(=O),OCC(CC)(CCCC)CO,C(=O)c(ccc1)cc1C(=O),OCC(CC)(CCCC)CO,1,1,0,0,3,6
R_40,C(=O)CSCC(=O),OCC(CC(C1)C2C3)C1C2CC3CO,C(=O)CSCC(=O),OCC(CC(C1)C2C3)C1C2CC3CO,1,1,5,0,0,0
R_41,C(=O)CCCCCCCC(=O),OCC(CC(C1)C2C3)C1C2CC3CO,C(=O)CCCCCCCC(=O),OCC(CC(C1)C2C3)C1C2CC3CO,1,1,9,0,0,0
R_42,C(=O)CCCCCCCCC(=O),OCC(CC(C1)C2C3)C1C2CC3CO,C(=O)CCCCCCCCC(=O),OCC(CC(C1)C2C3)C1C2CC3CO,1,1,10,0,0,0
R_43,C(=O)CN(C)CC(=O),OCC(CC(C1)C2C3)C1C2CC3CO,C(=O)CN(C)CC(=O),OCC(CC(C1)C2C3)C1C2CC3CO,1,1,5,1,0,0
R_44,C(=O)c(ccc1c2)cc1ccc2C(=O),OCC(CC(C1)C2C3)C1C2CC3CO,C(=O)c(ccc1c2)cc1ccc2C(=O),OCC(CC(C1)C2C3)C1C2CC3CO,1,1,0,0,0,0
R_49,C(=O)COCCOCC(=O),OCC(C)CO,C(=O)COCCOCC(=O),OCC(C)CO,1,1,8,0,3,1
R_5,C(=O)c(ccc1)cc1C(=O),OCC(C)(C)C(C(C)C)O,C(=O)c(ccc1)cc1C(=O),OC(C(C)C)C(C)(C)CO,1,1,0,0,3,5
R_50,C(=O)COCCOCC(=O),OCCC(C)CCO,C(=O)COCCOCC(=O),OCCC(C)CCO,1,1,8,0,5,1
R_51,C(=O)COCCOCC(=O),OC(CC1)CCC1O,C(=O)COCCOCC(=O),OC(CC1)CCC1O,1,1,8,0,0,0
R_52,C(=O)COCCOCC(=O),OCC(CC)(CC)CO,C(=O)COCCOCC(=O),OCC(CC)(CC)CO,1,1,8,0,3,4
R_53,C(=O)COCCOCC(=O),OCC(CC(C1)C2C3)C1C2CC3CO,C(=O)COCCOCC(=O),OCC(CC(C1)C2C3)C1C2CC3CO,1,1,8,0,0,0
R_54,C(=O)C(CC1)CCC1C(=O),OC(C)C(C)O,C(=O)C(CC1)CCC1C(=O),OC(C)C(C)O,1,1,0,0,2,2
R_56,C(=O)COCC(=O),OC(C)C(C)O,C(=O)CC(=O),OC(C)C(C)O,1,1,3,0,2,2
R_57,C(=O)CCCC(=O),OCC(CC)(CCCC)CO,C(=O)CCCC(=O),OCC(CC)(CCCC)CO,1,1,5,0,3,6
R_58,C(=O)CCCCCC(=O),OCC(CC)(CCCC)CO,C(=O)CCCCCC(=O),OCC(CC)(CCCC)CO,1,1,7,0,3,6
R_59,C(=O)CCCCCCCC(=O),OCC(CC)(CCCC)CO,C(=O)CCCCCCCC(=O),OCC(CC)(CCCC)CO,1,1,9,0,3,6
R_6,C(=O)c(ccc1)cc1C(=O),OCC(C)(C)CO,C(=O)c(ccc1)cc1C(=O),OCC(C)(C)CO,1,1,0,0,3,2
R_60,C(=O)CCCCCCCCC(=O),OCC(CC)(CCCC)CO,C(=O)CCCCCCCCC(=O),OCC(CC)(CCCC)CO,1,1,10,0,3,6
R_61,C(=O)COCCOCC(=O),OCC(CC)(CCCC)CO,C(=O)COCCOCC(=O),OCC(CC)(CCCC)CO,1,1,8,0,3,6
R_62,C(=O)c(ccc1c2)cc1ccc2C(=O),OCC(CC)(CCCC)CO,C(=O)c(ccc1c2)cc1ccc2C(=O),OCC(CC)(CCCC)CO,1,1,0,0,3,6
R_63,C(=O)CSCC(=O),OCC(C)(C)CO,C(=O)CSCC(=O),OCC(C)(C)CO,1,1,5,0,3,2
R_64,C(=O)COCCOCC(=O),OCC(C)(C)CO,C(=O)COCCOCC(=O),OCC(C)(C)CO,1,1,8,0,3,2
R_65,C(=O)CN(C)CC(=O),OCC(C)(C)CO,C(=O)CN(C)CC(=O),OCC(C)(C)CO,1,1,5,1,3,2
R_67,C(=O)CSCC(=O),OCCCO,C(=O)CSCC(=O),OCCCO,1,1,5,0,3,0
R_68,C(=O)C(CC1)CCC1C(=O),OCCCO,C(=O)C(CC1)CCC1C(=O),OCCCO,1,1,0,0,3,0
R_69,C(=O)CCCCCCCCC(=O),OCCC(C)CCO,C(=O)CCCCCCCCC(=O),OCCC(C)CCO,1,1,10,0,5,1
R_7,C(=O)c(ccc1)cc1C(=O),OCC(CC1)CCC1CO,C(=O)c(ccc1)cc1C(=O),OCC(CC1)CCC1CO,1,1,0,0,0,0
R_70,C(=O)CCCCCCCC(=O),OCC(CC)(CC)CO,C(=O)CCCCCCCC(=O),OCC(CC)(CC)CO,1,1,9,0,3,4
R_72,C(=O)CCCCCCCC(=O),OC(C)C(C)O,C(=O)CCCCCCCC(=O),OC(C)C(C)O,1,1,9,0,2,2
R_73,C(=O)CCCCCCCCC(=O),OC(C)C(C)O,C(=O)CCCCCCCCC(=O),OC(C)C(C)O,1,1,10,0,2,2
R_75,C(=O)CCCC(=O),OCC(C)O,C(=O)CCCC(=O),OC(C)CO,1,1,5,0,2,1
R_76,C(=O)CCCCCC(=O),OCC(C)O,C(=O)CCCCCC(=O),OC(C)CO,1,1,7,0,2,1
R_77,C(=O)CSCC(=O),OCC(C)O,C(=O)CSCC(=O),OC(C)CO,1,1,5,0,2,1
R_78,C(=O)CCCCCCCC(=O),OCC(C)O,C(=O)CCCCCCCC(=O),OC(C)CO,1,1,9,0,2,1
R_79,C(=O)CCCCCCCCC(=O),OCC(C)O,C(=O)CCCCCCCCC(=O),OC(C)CO,1,1,10,0,2,1
R_80,C(=O)CCCCCCCCC(=O),OCCO,C(=O)CCCCCCCCC(=O),OCCO,1,1,10,0,2,0
R_82,C(=O)c(ccc1c2)cc1ccc2C(=O),OCCO,C(=O)c(ccc1c2)cc1ccc2C(=O),OCCO,1,1,0,0,2,0
R_83,C(=O)CCCC(=O),OCC(C)(C)CO,C(=O)CCCC(=O),OCC(C)(C)CO,1,1,5,0,3,2
R_84,C(=O)CCCCCC(=O),OCC(C)(C)CO,C(=O)CCCCCC(=O),OCC(C)(C)CO,1,1,7,0,3,2
R_85,C(=O)CCCCCCCC(=O),OCC(C)(C)CO,C(=O)CCCCCCCC(=O),OCC(C)(C)CO,1,1,9,0,3,2
R_86,C(=O)CCCCCCCCC(=O),OCC(C)(C)CO,C(=O)CCCCCCCCC(=O),OCC(C)(C)CO,1,1,10,0,3,2
R_87,C(=O)CCCCCCCCC(=O),OCCCO,C(=O)CCCCCCCCC(=O),OCCCO,1,1,10,0,3,0
R_88,C(=O)COCCOCC(=O),OCCCO,C(=O)COCCOCC(=O),OCCCO,1,1,8,0,3,0
R_89,C(=O)c(ccc1c2)cc1ccc2C(=O),OCCCO,C(=O)c(ccc1c2)cc1ccc2C(=O),OCCCO,1,1,0,0,3,0
R_9,C(=O)c(ccc1)cc1C(=O),OCC(CC(C1)C2C3)C1C2CC3CO,C(=O)c(ccc1)cc1C(=O),OCC(CC(C1)C2C3)C1C2CC3CO,1,1,0,0,0,0
R_90,C(=O)CCCC(=O),OC(CC1)CCC1C(C)(C)C(CC2)CCC2O,C(=O)CCCC(=O),OC(CC1)CCC1C(C)(C)C(CC2)CCC2O,1,1,5,0,0,0
R_91,C(=O)C(CC1)CCC1C(=O),OCC(C)O,C(=O)C(CC1)CCC1C(=O),OC(C)CO,1,1,0,0,2,1
R_94,C(=O)c(ccc1c2)cc1ccc2C(=O),OCC(C)O,C(=O)c(ccc1c2)cc1ccc2C(=O),OC(C)CO,1,1,0,0,2,1
R_95,C(=O)COCCOCC(=O),OC(CC1)CCC1C(C)(C)C(CC2)CCC2O,C(=O)COCCOCC(=O),OC(CC1)CCC1C(C)(C)C(CC2)CCC2O,1,1,8,0,0,0
R_96,C(=O)c(ccc1c2)cc1ccc2C(=O),OC(CC1)CCC1C(C)(C)C(CC2)CCC2O,C(=O)c(ccc1c2)cc1ccc2C(=O),OC(CC1)CCC1C(C)(C)C(CC2)CCC2O,1,1,0,0,0,0
R_97,C(=O)CCCC(=O),OCC(C)(C)C(C(C)C)O,C(=O)CCCC(=O),OC(C(C)C)C(C)(C)CO,1,1,5,0,3,5
R_98,C(=O)CSCC(=O),OCC(C)(C)C(C(C)C)O,C(=O)CSCC(=O),OC(C(C)C)C(C)(C)CO,1,1,5,0,3,5
R_99,C(=O)COCCOCC(=O),OCC(C)(C)C(C(C)C)O,C(=O)COCCOCC(=O),OC(C(C)C)C(C)(C)CO,1,1,8,0,3,5
ROP_1,C(=O)CCCCCO,C(=O)CCCCCO,C(=O)CCCCCO,C(=O)CCCCCO,2,1,6,0,6,0
ROP_101,C(=O)CCCC(CCCCCC)O,C(=O)CCCCC(CCCC)O,C(=O)CCCC(CCCCCC)O,C(=O)CCCCC(CCCC)O,2,1,5,6,6,4
ROP_102,C(=O)CCCC(CCCC)O,C(=O)CCCCC(CCCC)O,C(=O)CCCC(CCCC)O,C(=O)CCCCC(CCCC)O,2,1,5,4,6,4
ROP_103,C(=O)CCCCCCCCCCCCCCO,C(=O)CCCCC(CCCC)O,C(=O)CCCCCCCCCCCCCCO,C(=O)CCCCC(CCCC)O,2,1,15,0,6,4
ROP_104,C(=O)CC(C)O,C(=O)CCCCC(CCCC)O,C(=O)CC(C)O,C(=O)CCCCC(CCCC)O,2,1,3,1,6,4
ROP_105,C(=O)CCCC(CCCCCCC)O,C(=O)CCCCC(CCCC)O,C(=O)CCCC(CCCCCCC)O,C(=O)CCCCC(CCCC)O,2,1,5,7,6,4
ROP_106,C(=O)CCCCCCCCCCCCCCCO,C(=O)CCCCC(CCCC)O,C(=O)CCCCCCCCCCCCCCCO,C(=O)CCCCC(CCCC)O,2,1,16,0,6,4
ROP_107,C(=O)CCCCC(CCCC)O,C(=O)CCCCCO,C(=O)CCCCC(CCCC)O,C(=O)CCCCCO,2,1,6,4,6,0
ROP_109,C(=O)CCCCC(CCCC)O,C(=O)CCCCO,C(=O)CCCCC(CCCC)O,C(=O)CCCCO,2,1,6,4,5,0
ROP_110,C(=O)CCCCCO,C(=O)CCCCC(CCCC)O,C(=O)CCCCCO,C(=O)CCCCC(CCCC)O,2,1,6,0,6,4
ROP_112,C(=O)CCCCO,C(=O)CCCCC(CCCC)O,C(=O)CCCCO,C(=O)CCCCC(CCCC)O,2,1,5,0,6,4
ROP_113,C(=O)CCCCCO,C(=O)C=CCC(CCCCC)O,C(=O)CCCCCO,C(=O)C=CCC(CCCCC)O,2,1,6,0,5,5
ROP_116,C(=O)CCCCCO,C(=O)CCCCCCCCCCCCCCO,C(=O)CCCCCO,C(=O)CCCCCCCCCCCCCCO,2,1,6,0,15,0
ROP_117,C(=O)CCCCCO,C(=O)CC(C)O,C(=O)CCCCCO,C(=O)CC(C)O,2,1,6,0,3,1
ROP_123,C(=O)CCCCCCCCCCCCCCO,C(=O)CCCCCO,C(=O)CCCCCCCCCCCCCCO,C(=O)CCCCCO,2,1,15,0,6,0
ROP_124,C(=O)CC(C)O,C(=O)CCCCCO,C(=O)CC(C)O,C(=O)CCCCCO,2,1,3,1,6,0
ROP_13,C(=O)CCO,C(=O)CCO,C(=O)CCO,C(=O)CCO,2,1,3,0,3,0
ROP_135,C(=O)CCCCCCCCCCCCCCCO,C(=O)C=CCC(CCCCC)O,C(=O)CCCCCCCCCCCCCCCO,C(=O)C=CCC(CCCCC)O,2,1,16,0,5,5
ROP_138,C(=O)CCCCCCCCCCCCCCCO,C(=O)C=CCC(CCCCC)O,C(=O)CCCCCCCCCCCCCCCO,C(=O)C=CCC(CCCCC)O,2,1,16,0,5,5
ROP_14,C(=O)CCCCO,C(=O)CCCCO,C(=O)CCCCO,C(=O)CCCCO,2,1,5,0,5,0
ROP_142,C(=O)CCCCO,C(=O)C=CCC(CCCCC)O,C(=O)CCCCO,C(=O)C=CCC(CCCCC)O,2,1,5,0,5,5
ROP_15,C(=O)CCCCCO,C(=O)CCO,C(=O)CCCCCO,C(=O)CCO,2,1,6,0,3,0
ROP_16,C(=O)CCO,C(=O)CCCCCO,C(=O)CCO,C(=O)CCCCCO,2,1,3,0,6,0
ROP_17,C(=O)CCCCCO,C(=O)CCCCO,C(=O)CCCCCO,C(=O)CCCCO,2,1,6,0,5,0
ROP_177,C(=O)CCCCCCCCCCCCCCO,C(=O)CC(C)O,C(=O)CCCCCCCCCCCCCCO,C(=O)CC(C)O,2,1,15,0,3,1
ROP_18,C(=O)CCCCO,C(=O)CCCCCO,C(=O)CCCCO,C(=O)CCCCCO,2,1,5,0,6,0
ROP_180,C(=O)CC(C)O,C(=O)CCCCCCCCCCCCCCO,C(=O)CC(C)O,C(=O)CCCCCCCCCCCCCCO,2,1,3,1,15,0
ROP_183,C(=O)CCCCCCCCCCCCCCO,C(=O)CCCCO,C(=O)CCCCCCCCCCCCCCO,C(=O)CCCCO,2,1,15,0,5,0
ROP_184,C(=O)CCCCO,C(=O)CCCCCCCCCCCCCCO,C(=O)CCCCO,C(=O)CCCCCCCCCCCCCCO,2,1,5,0,15,0
ROP_189,C(=O)CC(C)O,C(=O)CCCCO,C(=O)CC(C)O,C(=O)CCCCO,2,1,3,1,5,0
ROP_19,C(=O)CCO,C(=O)CCCCO,C(=O)CCO,C(=O)CCCCO,2,1,3,0,5,0
ROP_190,C(=O)CCCCO,C(=O)CC(C)O,C(=O)CCCCO,C(=O)CC(C)O,2,1,5,0,3,1
ROP_20,C(=O)CCCCO,C(=O)CCO,C(=O)CCCCO,C(=O)CCO,2,1,5,0,3,0
ROP_23,C(=O)CCO,C(=O)C(C)OC(=O)C(C)O,C(=O)CCO,C(=O)C(C)OC(=O)C(C)O,2,1,3,0,4,0
ROP_24,C(=O)C(C)OC(=O)C(C)O,C(=O)CCO,C(=O)C(C)OC(=O)C(C)O,C(=O)CCO,2,1,4,2,3,0
ROP_27,C(=O)CCCCO,C(=O)C(C)OC(=O)C(C)O,C(=O)CCCCO,C(=O)C(C)OC(=O)C(C)O,2,1,5,0,4,0
ROP_28,C(=O)C(C)OC(=O)C(C)O,C(=O)CCCCO,C(=O)C(C)OC(=O)C(C)O,C(=O)CCCCO,2,1,4,2,5,0
ROP_29,C(=O)CCCCC(CCCC)O,C(=O)CCCCC(CCCC)O,C(=O)CCCCC(CCCC)O,C(=O)CCCCC(CCCC)O,2,1,6,4,6,4
ROP_31,C(=O)CCCCCCCCCCCCCCO,C(=O)CCCCCCCCCCCCCCO,C(=O)CCCCCCCCCCCCCCO,C(=O)CCCCCCCCCCCCCCO,2,1,15,0,15,0
ROP_32,C(=O)CCCCCCCCCCCCCCCO,C(=O)CCCCCCCCCCCCCCCO,C(=O)CCCCCCCCCCCCCCCO,C(=O)CCCCCCCCCCCCCCCO,2,1,16,0,16,0
ROP_33,C(=O)C=Cc(cccc1)c1O,C(=O)C=Cc(cccc1)c1O,C(=O)C=Cc(cccc1)c1O,C(=O)C=Cc(cccc1)c1O,2,1,0,0,0,0
ROP_34,C(=O)CC(C)O,C(=O)CC(C)O,C(=O)CC(C)O,C(=O)CC(C)O,2,1,3,1,3,1
ROP_37,C(=O)C(C)OC(=O)C(C)O,C(=O)CCCC(CCCCCC)O,C(=O)C(C)OC(=O)C(C)O,C(=O)CCCC(CCCCCC)O,2,1,4,2,5,6
ROP_38,C(=O)C(C)OC(=O)C(C)O,C(=O)CCCC(CCCC)O,C(=O)C(C)OC(=O)C(C)O,C(=O)CCCC(CCCC)O,2,1,4,2,5,4
ROP_39,C(=O)C(C)OC(=O)C(C)O,C(=O)CCCCCCCCCCCCCCO,C(=O)C(C)OC(=O)C(C)O,C(=O)CCCCCCCCCCCCCCO,2,1,4,2,15,0
ROP_4,C(=O)CCCC(CCCCCCC)O,C(=O)CCCC(CCCCCCC)O,C(=O)CCCC(CCCCCCC)O,C(=O)CCCC(CCCCCCC)O,2,1,5,7,5,7
ROP_40,C(=O)C(C)OC(=O)C(C)O,C(=O)CC(C)O,C(=O)C(C)OC(=O)C(C)O,C(=O)CC(C)O,2,1,4,2,3,1
ROP_41,C(=O)C(C)OC(=O)C(C)O,C(=O)CCCC(CCCCCCC)O,C(=O)C(C)OC(=O)C(C)O,C(=O)CCCC(CCCCCCC)O,2,1,4,2,5,7
ROP_42,C(=O)C(C)OC(=O)C(C)O,C(=O)CCCCCCCCCCCCCCCO,C(=O)C(C)OC(=O)C(C)O,C(=O)CCCCCCCCCCCCCCCO,2,1,4,2,16,0
ROP_43,C(=O)C(C)OC(=O)C(C)O,C(=O)C=Cc(cccc1)c1O,C(=O)C(C)OC(=O)C(C)O,C(=O)C=Cc(cccc1)c1O,2,1,4,2,0,0
ROP_44,C(=O)CCCCC(CCCC)O,C(=O)C(C)OC(=O)C(C)O,C(=O)CCCCC(CCCC)O,C(=O)C(C)OC(=O)C(C)O,2,1,6,4,4,0
ROP_45,C(=O)C=CCC(CCCCC)O,C(=O)C(C)OC(=O)C(C)O,C(=O)C=CCC(CCCCC)O,C(=O)C(C)OC(=O)C(C)O,2,1,5,5,4,0
ROP_46,C(=O)CCCC(CCCCCC)O,C(=O)C(C)OC(=O)C(C)O,C(=O)CCCC(CCCCCC)O,C(=O)C(C)OC(=O)C(C)O,2,1,5,6,4,0
ROP_47,C(=O)CCCC(CCCC)O,C(=O)C(C)OC(=O)C(C)O,C(=O)CCCC(CCCC)O,C(=O)C(C)OC(=O)C(C)O,2,1,5,4,4,0
ROP_48,C(=O)CCCCCCCCCCCCCCO,C(=O)C(C)OC(=O)C(C)O,C(=O)CCCCCCCCCCCCCCO,C(=O)C(C)OC(=O)C(C)O,2,1,15,0,4,0
ROP_49,C(=O)CC(C)O,C(=O)C(C)OC(=O)C(C)O,C(=O)CC(C)O,C(=O)C(C)OC(=O)C(C)O,2,1,3,1,4,0
ROP_50,C(=O)CCCC(CCCCCCC)O,C(=O)C(C)OC(=O)C(C)O,C(=O)CCCC(CCCCCCC)O,C(=O)C(C)OC(=O)C(C)O,2,1,5,7,4,0
ROP_51,C(=O)CCCCCCCCCCCCCCCO,C(=O)C(C)OC(=O)C(C)O,C(=O)CCCCCCCCCCCCCCCO,C(=O)C(C)OC(=O)C(C)O,2,1,16,0,4,0
ROP_53,C(=O)COC(=O)CO,C(=O)CCCCC(CCCC)O,C(=O)COC(=O)CO,C(=O)CCCCC(CCCC)O,2,1,4,0,6,4
ROP_54,C(=O)COC(=O)CO,C(=O)C=CCC(CCCCC)O,C(=O)COC(=O)CO,C(=O)C=CCC(CCCCC)O,2,1,4,0,5,5
ROP_55,C(=O)COC(=O)CO,C(=O)CCCC(CCCCCC)O,C(=O)COC(=O)CO,C(=O)CCCC(CCCCCC)O,2,1,4,0,5,6
ROP_56,C(=O)COC(=O)CO,C(=O)CCCC(CCCC)O,C(=O)COC(=O)CO,C(=O)CCCC(CCCC)O,2,1,4,0,5,4
ROP_57,C(=O)COC(=O)CO,C(=O)CCCCCCCCCCCCCCO,C(=O)COC(=O)CO,C(=O)CCCCCCCCCCCCCCO,2,1,4,0,15,0
ROP_58,C(=O)COC(=O)CO,C(=O)CC(C)O,C(=O)COC(=O)CO,C(=O)CC(C)O,2,1,4,0,3,1
ROP_59,C(=O)COC(=O)CO,C(=O)CCCC(CCCCCCC)O,C(=O)COC(=O)CO,C(=O)CCCC(CCCCCCC)O,2,1,4,0,5,7
ROP_60,C(=O)COC(=O)CO,C(=O)CCCCCCCCCCCCCCCO,C(=O)COC(=O)CO,C(=O)CCCCCCCCCCCCCCCO,2,1,4,0,16,0
ROP_61,C(=O)COC(=O)CO,C(=O)C=Cc(cccc1)c1O,C(=O)COC(=O)CO,C(=O)C=Cc(cccc1)c1O,2,1,4,0,0,0
ROP_62,C(=O)CCCCC(CCCC)O,C(=O)COC(=O)CO,C(=O)CCCCC(CCCC)O,C(=O)COC(=O)CO,2,1,6,4,3,0
ROP_63,C(=O)C=CCC(CCCCC)O,C(=O)COC(=O)CO,C(=O)C=CCC(CCCCC)O,C(=O)COC(=O)CO,2,1,5,5,3,0
ROP_64,C(=O)CCCC(CCCCCC)O,C(=O)COC(=O)CO,C(=O)CCCC(CCCCCC)O,C(=O)COC(=O)CO,2,1,5,6,3,0
ROP_65,C(=O)CCCC(CCCC)O,C(=O)COC(=O)CO,C(=O)CCCC(CCCC)O,C(=O)COC(=O)CO,2,1,5,4,3,0
ROP_66,C(=O)CCCCCCCCCCCCCCO,C(=O)COC(=O)CO,C(=O)CCCCCCCCCCCCCCO,C(=O)COC(=O)CO,2,1,15,0,3,0
ROP_67,C(=O)CC(C)O,C(=O)COC(=O)CO,C(=O)CC(C)O,C(=O)COC(=O)CO,2,1,3,1,3,0
ROP_68,C(=O)CCCC(CCCCCCC)O,C(=O)COC(=O)CO,C(=O)CCCC(CCCCCCC)O,C(=O)COC(=O)CO,2,1,5,7,3,0
ROP_69,C(=O)CCCCCCCCCCCCCCCO,C(=O)COC(=O)CO,C(=O)CCCCCCCCCCCCCCCO,C(=O)COC(=O)CO,2,1,16,0,3,0
ROP_70,C(=O)C=Cc(cccc1)c1O,C(=O)COC(=O)CO,C(=O)C=Cc(cccc1)c1O,C(=O)COC(=O)CO,2,1,0,0,3,0
ROP_71,C(=O)C=Cc(cccc1)c1O,C(=O)CCCCC(CCCC)O,C(=O)C=Cc(cccc1)c1O,C(=O)CCCCC(CCCC)O,2,1,0,0,6,4
ROP_72,C(=O)C=Cc(cccc1)c1O,C(=O)C=CCC(CCCCC)O,C(=O)C=Cc(cccc1)c1O,C(=O)C=CCC(CCCCC)O,2,1,0,0,5,5
ROP_73,C(=O)C=Cc(cccc1)c1O,C(=O)CCCC(CCCCCC)O,C(=O)C=Cc(cccc1)c1O,C(=O)CCCC(CCCCCC)O,2,1,0,0,5,6
ROP_74,C(=O)C=Cc(cccc1)c1O,C(=O)CCCC(CCCC)O,C(=O)C=Cc(cccc1)c1O,C(=O)CCCC(CCCC)O,2,1,0,0,5,4
ROP_75,C(=O)C=Cc(cccc1)c1O,C(=O)CCCCCCCCCCCCCCO,C(=O)C=Cc(cccc1)c1O,C(=O)CCCCCCCCCCCCCCO,2,1,0,0,15,0
ROP_76,C(=O)C=Cc(cccc1)c1O,C(=O)CC(C)O,C(=O)C=Cc(cccc1)c1O,C(=O)CC(C)O,2,1,0,0,3,1
ROP_77,C(=O)C=Cc(cccc1)c1O,C(=O)CCCC(CCCCCCC)O,C(=O)C=Cc(cccc1)c1O,C(=O)CCCC(CCCCCCC)O,2,1,0,0,5,7
ROP_79,C(=O)CCCCC(CCCC)O,C(=O)C=Cc(cccc1)c1O,C(=O)CCCCC(CCCC)O,C(=O)C=Cc(cccc1)c1O,2,1,6,4,0,0
ROP_83,C(=O)CCCCCCCCCCCCCCO,C(=O)C=Cc(cccc1)c1O,C(=O)CCCCCCCCCCCCCCO,C(=O)C=Cc(cccc1)c1O,2,1,15,0,0,0
ROP_84,C(=O)CC(C)O,C(=O)C=Cc(cccc1)c1O,C(=O)CC(C)O,C(=O)C=Cc(cccc1)c1O,2,1,3,1,0,0
ROP_86,C(=O)CCCCCCCCCCCCCCCO,C(=O)C=Cc(cccc1)c1O,C(=O)CCCCCCCCCCCCCCCO,C(=O)C=Cc(cccc1)c1O,2,1,16,0,0,0
ROP_87,C(=O)C=Cc(cccc1)c1O,C(=O)CCCCCO,C(=O)C=Cc(cccc1)c1O,C(=O)CCCCCO,2,1,0,0,6,0
ROP_89,C(=O)C=Cc(cccc1)c1O,C(=O)CCCCO,C(=O)C=Cc(cccc1)c1O,C(=O)CCCCO,2,1,0,0,5,0
ROP_9,C(=O)C(C)OC(=O)C(C)O,C(=O)CCCCCO,C(=O)C(C)OC(=O)C(C)O,C(=O)CCCCCO,2,1,4,2,6,0
ROP_90,C(=O)CCCCCO,C(=O)C=Cc(cccc1)c1O,C(=O)CCCCCO,C(=O)C=Cc(cccc1)c1O,2,1,6,0,0,0
ROP_92,C(=O)CCCCO,C(=O)C=Cc(cccc1)c1O,C(=O)CCCCO,C(=O)C=Cc(cccc1)c1O,2,1,5,0,0,0
ROP_93,C(=O)CCCCC(CCCC)O,C(=O)C=CCC(CCCCC)O,C(=O)CCCCC(CCCC)O,C(=O)C=CCC(CCCCC)O,2,1,6,4,5,5
ROP_94,C(=O)CCCCC(CCCC)O,C(=O)CCCC(CCCCCC)O,C(=O)CCCCC(CCCC)O,C(=O)CCCC(CCCCCC)O,2,1,6,4,5,6
ROP_95,C(=O)CCCCC(CCCC)O,C(=O)CCCC(CCCC)O,C(=O)CCCCC(CCCC)O,C(=O)CCCC(CCCC)O,2,1,6,4,5,4
ROP_96,C(=O)CCCCC(CCCC)O,C(=O)CCCCCCCCCCCCCCO,C(=O)CCCCC(CCCC)O,C(=O)CCCCCCCCCCCCCCO,2,1,6,4,15,0
ROP_97,C(=O)CCCCC(CCCC)O,C(=O)CC(C)O,C(=O)CCCCC(CCCC)O,C(=O)CC(C)O,2,1,6,4,3,1
ROP_98,C(=O)CCCCC(CCCC)O,C(=O)CCCC(CCCCCCC)O,C(=O)CCCCC(CCCC)O,C(=O)CCCC(CCCCCCC)O,2,1,6,4,5,7
ROP_99,C(=O)CCCCC(CCCC)O,C(=O)CCCCCCCCCCCCCCCO,C(=O)CCCCC(CCCC)O,C(=O)CCCCCCCCCCCCCCCO,2,1,6,4,16,0
ROPm_11,C(=O)COC(=O)CO,C(=O)CCCCCO,C(=O)COC(=O)CO,C(=O)CCCCCO,2,1,4,0,6,0
ROPm_12,C(=O)CCCCCO,C(=O)COC(=O)CO,C(=O)CCCCCO,C(=O)COC(=O)CO,2,1,6,0,3,0
ROPm_21,C(=O)CCO,C(=O)COC(=O)CO,C(=O)CCO,C(=O)COC(=O)CO,2,1,3,0,3,0
ROPm_22,C(=O)COC(=O)CO,C(=O)CCO,C(=O)COC(=O)CO,C(=O)CCO,2,1,4,0,3,0
ROPm_25,C(=O)CCCCO,C(=O)COC(=O)CO,C(=O)CCCCO,C(=O)COC(=O)CO,2,1,5,0,3,0
ROPm_26,C(=O)COC(=O)CO,C(=O)CCCCO,C(=O)COC(=O)CO,C(=O)CCCCO,2,1,4,0,5,0
ROPm_6,C(=O)COC(=O)CO,C(=O)COC(=O)CO,C(=O)COC(=O)CO,C(=O)COC(=O)CO,2,1,4,0,3,0
ROPm_7,C(=O)COC(=O)CO,C(=O)C(C)OC(=O)C(C)O,C(=O)COC(=O)CO,C(=O)C(C)OC(=O)C(C)O,2,1,4,0,4,0
ROPm_8,C(=O)C(C)OC(=O)C(C)O,C(=O)COC(=O)CO,C(=O)C(C)OC(=O)C(C)O,C(=O)COC(=O)CO,2,1,4,2,3,0